{"sections":{"ccbd9f81-c067-4d58-beb1-ef6821fddc62":{"type":"breadcrumb","settings":{"page_full_width":true,"page_full_width_spacing":true,"use_breadcrumb_title":true,"breadcrumb_style":"center","image_overlay_opacity":0,"color_scheme":"background-1","padding_top":52,"padding_bottom":40}},"main":{"type":"main-article","blocks":{"featured_image":{"type":"featured_image","settings":{"image_height":"adapt"}},"title":{"type":"title","settings":{"blog_show_date":true,"blog_show_author":false}},"content":{"type":"content","settings":{}}},"block_order":["featured_image","title","content"],"settings":{"page_full_width":true,"page_full_width_spacing":true,"padding_top":36,"padding_bottom":40,"show_articles":true,"side_show_excerpts":true,"article_title":"Recent Posts","limit":3,"show_tags":true,"tags_title":"Tags","sidebar_settings":"sidebar-left","show_social":true,"show_promo":true,"sidebar_image":"shopify:\/\/shop_images\/2150296475.png","sidebar_title":"","sidebar_link_text":"View Collection","sidebar_link":"shopify:\/\/collections\/fitness-watches","show_collection":true,"collection_title":"New Arrivals","collection":"smart-watches","collection_limit":2,"show_menu":true,"menu_title":"Category","linklist":"category"}}},"order":["ccbd9f81-c067-4d58-beb1-ef6821fddc62","main"]}