{"sections":{"40206b70-8172-4b18-96ab-2648dc91b5d7":{"type":"breadcrumb","settings":{"page_full_width":true,"page_full_width_spacing":true,"use_breadcrumb_title":true,"breadcrumb_style":"center","image_overlay_opacity":0,"color_scheme":"background-1","padding_top":52,"padding_bottom":52}},"main":{"type":"main-blog","settings":{"page_full_width":true,"page_full_width_spacing":true,"custom_class_name":"","layout":"list","show_image":true,"image_height":"adapt","post_limit":6,"show_date":true,"show_author":false,"show_excerpts":true,"enable_comments":false,"show_articles":true,"side_show_excerpts":true,"article_title":"Recent Posts","limit":3,"show_tags":true,"tags_title":"Tags","show_carousel":true,"carousel_title":"Hot Deals","carousel":"unisex-watches","carousel_limit":2,"image_ratio":"adapt","show_secondary_image":false,"show_vendor":false,"show_new_tag":false,"show_rating":false,"enable_quick_add":true,"sidebar_settings":"sidebar-left","show_social":true,"show_promo":true,"sidebar_title":"","sidebar_link_text":"View collection","sidebar_link":"shopify:\/\/collections","show_menu":true,"menu_title":"Categories","linklist":"","show_collection":true,"collection_title":"Latest Products","collection":"luxury-watches","collection_limit":2,"padding_top":28,"padding_bottom":40}}},"order":["40206b70-8172-4b18-96ab-2648dc91b5d7","main"]}