{"sections":{"d90c6ae5-805f-45e7-920e-cac7a7475e5d":{"type":"breadcrumb","settings":{"page_full_width":true,"page_full_width_spacing":true,"use_breadcrumb_title":true,"breadcrumb_style":"center","image_overlay_opacity":0,"color_scheme":"background-1","padding_top":48,"padding_bottom":48}},"cart-items":{"type":"main-cart-items","blocks":{"e1af6a49-e430-4051-92ef-0a533933c435":{"type":"subtotal","settings":{}},"24b1c0ec-45c1-4a17-84dd-55b49c09f142":{"type":"buttons","settings":{}}},"block_order":["e1af6a49-e430-4051-92ef-0a533933c435","24b1c0ec-45c1-4a17-84dd-55b49c09f142"],"settings":{"page_full_width":false,"page_full_width_spacing":false,"padding_top":100,"padding_bottom":100}},"cart-footer":{"type":"main-cart-footer","blocks":{"subtotal":{"type":"subtotal","settings":{}},"buttons":{"type":"buttons","settings":{}}},"block_order":["subtotal","buttons"],"disabled":true,"settings":{"padding_top":100,"padding_bottom":100}},"11d6136f-5fc9-4dc4-9ae7-8d300a9fcd46":{"type":"support-block","blocks":{"template--21548897403180__11d6136f-5fc9-4dc4-9ae7-8d300a9fcd46-column-2":{"type":"column","settings":{"image":"shopify:\/\/shop_images\/Icon19.png","title":"Flexible Payment","text":"<p>Ut nec luctus urna. Suspendisse sagittis metus nulla sit<br\/>amet imperdiet leo volutpat eu. Nunc in erat erat.<\/p>","link_label":"","link":"","block_color_scheme":"background-2"}},"template--21548897403180__11d6136f-5fc9-4dc4-9ae7-8d300a9fcd46-column-3":{"type":"column","settings":{"image":"shopify:\/\/shop_images\/Icon17.png","title":"Online support","text":"<p>Ut nec luctus urna. Suspendisse sagittis metus nulla sit<br\/>amet imperdiet leo volutpat eu. Nunc in erat erat.<\/p>","link_label":"","link":"","block_color_scheme":"background-2"}},"template--21548897403180__11d6136f-5fc9-4dc4-9ae7-8d300a9fcd46-column-1":{"type":"column","settings":{"image":"shopify:\/\/shop_images\/Icon18.png","title":"In-store Pickup","text":"<p>Ut nec luctus urna. Suspendisse sagittis metus nulla sit<br\/>amet imperdiet leo volutpat eu. Nunc in erat erat.<\/p>","link_label":"","link":"","block_color_scheme":"background-2"}}},"block_order":["template--21548897403180__11d6136f-5fc9-4dc4-9ae7-8d300a9fcd46-column-2","template--21548897403180__11d6136f-5fc9-4dc4-9ae7-8d300a9fcd46-column-3","template--21548897403180__11d6136f-5fc9-4dc4-9ae7-8d300a9fcd46-column-1"],"settings":{"page_full_width":false,"page_full_width_spacing":false,"title":"","heading_size":"h1","sub_heading":"","description":"","button_label":"","button_link":"","button_style_secondary":false,"column_alignment":"center","columns_desktop":3,"color_scheme":"background-1","block_styles":"grid__items","block_column_alignment":"center","icon_outer_size":"70","icon_size":"","image_radius":"","vertical_position":"veritcal_center","padding_top":0,"padding_bottom":76,"swiper_enable":true,"desktop_column":3,"laptop_column":3,"tablet_column":2,"mobile_column":1,"swiper_pagination":false,"swiper_navigation":false,"auto_play":2,"swipe_on_mobile":false,"arrow_on_mobile":false,"columns_mobile":"1","custom_class_name":"fashion2support"}}},"order":["d90c6ae5-805f-45e7-920e-cac7a7475e5d","cart-items","cart-footer","11d6136f-5fc9-4dc4-9ae7-8d300a9fcd46"]}