{"sections":{"e73cb67e-4708-4a24-ae19-2f5324b5edd5":{"type":"breadcrumb","settings":{"page_full_width":true,"page_full_width_spacing":true,"use_breadcrumb_title":true,"breadcrumb_style":"center","image_overlay_opacity":0,"color_scheme":"background-1","padding_top":40,"padding_bottom":40}},"banner":{"type":"main-collection-banner","disabled":true,"settings":{"page_full_width":true,"page_full_width_spacing":true,"show_collection_description":true,"show_collection_image":true,"color_scheme":"background-1","padding_top":60,"padding_bottom":60}},"product-grid":{"type":"main-collection-product-grid","settings":{"products_per_page":16,"columns_desktop":4,"collections_custom_cols":true,"page_full_width":true,"page_full_width_spacing":true,"image_ratio":"portrait","show_secondary_image":true,"show_vendor":true,"show_new_tag":true,"show_rating":true,"enable_filtering":true,"filter_type":"vertical","enable_sorting":true,"pagination":"loadmore_btn","padding_top":20,"padding_bottom":60,"sidebar_settings":"sidebar-left","show_menu":true,"menu_title":"Collection","linklist":"category","show_carousel":true,"carousel_title":"Best Sellers","carousel":"analog-watches","carousel_limit":3,"show_image":true,"sidebar_title":"","sidebar_button":"View Collection","sidebar_link":"shopify:\/\/collections","show_collection":false,"collection_title":"heading","collection":"","collection_limit":5}}},"order":["e73cb67e-4708-4a24-ae19-2f5324b5edd5","banner","product-grid"]}