{"sections":{"173935995620539993":{"type":"apps","settings":{"include_margins":true}},"22208e64-dcc3-4578-b425-207fdf5259a3":{"type":"slideshow","blocks":{"a8143128-296d-4e8c-8300-e8c94a37288e":{"type":"slide","settings":{"image":"shopify:\/\/shop_images\/Turf-yard-familysite-header.jpg","heading":"Artificial Grass","heading_size":"h1","subheading":"The Ultimate","heading_font":"montserrat_n7","subheading_font":"montserrat_n4","variant_heading":"Odor Eliminator","variant_font":"pacifico_n4","text":"Fight dog waste smells with maximum strength probiotics.","button_label":"Shop Now","link":"shopify:\/\/products\/1-gallon-urine-odor-turf-detox","button_style_secondary":false,"box_align":"middle-left","show_text_box":false,"text_alignment":"left","image_overlay_opacity":0,"color_scheme":"accent-2","text_alignment_mobile":"center"}}},"block_order":["a8143128-296d-4e8c-8300-e8c94a37288e"],"custom_css":[".banner__heading {font-size: 3rem; font-weight: 700; line-height: 1.2; padding: 10px 0;}",".banner__sub_heading {font-size: 5rem; font-weight: 600; line-height: 1.3; padding: 8px 0;}",".banner__variant_heading {font-size: 6rem; font-weight: 500; color: #91c54d; line-height: 1.4; padding: 5px 0;}","@media screen and (max-width: 768px) {.banner__heading {font-size: 2.5rem; line-height: 1.1; } .banner__sub_heading {font-size: 1.75rem; } .banner__variant_heading {font-size: 1.25rem; }}"],"settings":{"page_full_width":true,"page_full_width_spacing":true,"slider_image_height":800,"slider_image_height_laptop":740,"slider_image_height_tab":710,"slider_image_height_mobile":650,"swiper_pagination":false,"swiper_navigation":true,"auto_play":0,"slider_effect":"fade","show_text_below":false,"custom_class_name":"custom-slideshow"}},"rich_text_FcPRRj":{"type":"rich-text","blocks":{"heading_6ErbBK":{"type":"heading","settings":{"heading":"The Urine + Odor Turf Detox Trifecta","heading_size":"h2"}}},"block_order":["heading_6ErbBK"],"settings":{"page_full_width":false,"page_full_width_spacing":false,"color_scheme":"background-1","padding_top":100,"padding_bottom":12}},"icon_box_section_9C8FBr":{"type":"icon-box-section","blocks":{"icon_TBxtHd":{"type":"icon","settings":{"icon_image":"shopify:\/\/shop_images\/Asset_7_2x_72902da3-26f8-45c4-8e45-018ef0daade3.png","icon_alt":"","icon_text":"Neutralize"}},"icon_48jxCw":{"type":"icon","settings":{"icon_image":"shopify:\/\/shop_images\/Asset_8_2x_441b921e-ba4d-4f7c-9fc0-d736f1593800.png","icon_alt":"","icon_text":"Cleanse"}},"icon_Rc3WzV":{"type":"icon","settings":{"icon_image":"shopify:\/\/shop_images\/Asset_9_2x_c57a1aff-46c0-473d-a757-eee3f3073f40.png","icon_alt":"","icon_text":"Eliminate"}}},"block_order":["icon_TBxtHd","icon_48jxCw","icon_Rc3WzV"],"settings":{}},"featured_product_NmHine":{"type":"featured-product","blocks":{"text_34pGfa":{"type":"text","settings":{"text":"{{ section.settings.product.vendor }}","text_style":"uppercase"}},"title_pnUF9d":{"type":"title","settings":{"heading_size":"h1"}},"text_nMpnyx":{"type":"text","settings":{"text":"{{ section.settings.product.metafields.descriptors.subtitle.value }}","text_style":"subtitle"}},"price_xjeVF4":{"type":"price","settings":{}},"custom_liquid_Pm4wMH":{"type":"custom_liquid","settings":{"custom_liquid":"<span class=\"appstle_stand_alone_price_display_selector\" data-product-data=\"{{ product | json | escape }}\" style=\"display:none;\"><\/span>"}},"variant_picker_n6NJd4":{"type":"variant_picker","settings":{"picker_type":"button","picker_method":"custom_color"}},"quantity_selector_a6piwY":{"type":"quantity_selector","settings":{}},"buy_buttons_F7NLQ3":{"type":"buy_buttons","settings":{"show_dynamic_checkout":true}},"deal_B4hbT9":{"type":"deal","settings":{}},"share_ay8hmG":{"type":"share","settings":{"share_label":"Share"}}},"block_order":["text_34pGfa","title_pnUF9d","text_nMpnyx","price_xjeVF4","custom_liquid_Pm4wMH","variant_picker_n6NJd4","quantity_selector_a6piwY","buy_buttons_F7NLQ3","deal_B4hbT9","share_ay8hmG"],"custom_css":[".product__info-container--sticky {position: relative !important;}",".featured-product {position: sticky !imporant;}"],"settings":{"page_full_width":false,"page_full_width_spacing":false,"product":"1-gallon-urine-odor-turf-detox","color_scheme":"background-1","secondary_background":false,"gallery_layout":"thumbnail","thumb_carousel_layout":"thumbnail_slider_left","hide_variants":false,"enable_video_looping":false,"padding_top":100,"padding_bottom":36}},"specification_block_zQzYBe":{"type":"specification-block","blocks":{"text_eq9c9M":{"type":"text","settings":{"title":"Extended Battery Life","desc":"Erat nam at lectus urna.","link_text":"View More","link":""}},"text_fGNMCe":{"type":"text","settings":{"title":"Microphone, Call, Track, Volume","desc":"Tristique senectus et netus","link_text":"View More","link":""}},"text_yMpwEz":{"type":"text","settings":{"title":"Seamless Connectivity","desc":"Urna cursus eget nunc","link_text":"View More","link":""}},"text_t3rx74":{"type":"text","settings":{"title":"Secure: Noise cancellation","desc":"Interdum consectetur libero","link_text":"View More","link":""}},"text_zKwfMa":{"type":"text","settings":{"title":"IPX4: Sweat and Splash Resistant","desc":"Pellentesque eu tincidunt tortor","link_text":"View More","link":""}}},"block_order":["text_eq9c9M","text_fGNMCe","text_yMpwEz","text_t3rx74","text_zKwfMa"],"settings":{"page_full_width":false,"page_full_width_spacing":false,"color_scheme":"background-1","title":"","heading_size":"h1","sub_heading":"","description":"","button_label":"","button_link":"","column_alignment":"left","button_style_secondary":false,"enable_image":true,"primary_title":"","primary_sub_title":"","primary_description":"","primary_button_text":"","primary_button_link":"","primary_text_align":"center","vertical_position":"position-vertical-center","banner_style":"grid","specification_style":"style3","overlay_style_height":"960","primary_position":"center","content_reverse":true,"additional_heading":"Main Features","additional_sub_heading":"Explore Functionality","additional_description":"","additional_text_align":"Left","additional_link_text":"","additional_link":"","additional_link_text1":"","additional_link1":"","padding_top":92,"padding_bottom":48,"custom_class_name":"home-custom-section"}},"video_LGXUUF":{"type":"video","settings":{"page_full_width":false,"page_full_width_spacing":false,"title":"Built to Last","heading_size":"h2","sub_heading":"","description":"Fringilla urna porttitor rhoncus dolor purus non enim praesent. Adipiscing elit pellentesque habitant morbi tristique senectusViverra nibh cras.","button_label":"","button_link":"","button_style_secondary":false,"column_alignment":"center","content_style":"overlay","enable_image_link":false,"block_video":"https:\/\/cdn.shopify.com\/videos\/c\/o\/v\/ac66026e6d0f4780b248646131980470.mp4","video_icon_color":"","color_scheme":"accent-1","padding_top":56,"padding_bottom":44}},"specification_block_hLhiht":{"type":"specification-block","blocks":{"text_QACJgJ":{"type":"text","settings":{"title":"Distance Tracking","desc":"Aliquam nulla facilisi cras.","link_text":"View More","link":""}},"text_3DzBbX":{"type":"text","settings":{"title":"Multi-Sport Modes","desc":"Diam quam nulla porttitor.","link_text":"View More","link":""}},"text_q8QGkN":{"type":"text","settings":{"title":"Sleep Monitoring","desc":"Scelerisque varius morbi.","link_text":"View More","link":""}},"text_rEfVeT":{"type":"text","settings":{"title":"Water Resistance","desc":"Condimentum id venenatis","link_text":"View More","link":""}},"text_q4Ugff":{"type":"text","settings":{"title":"Calorie Burn Tracking","desc":"Vel eros donec ac odiory","link_text":"View More","link":""}},"text_jPccNn":{"type":"text","settings":{"title":"Blood Pressure Track","desc":"Eu ultrices vitae auctor","link_text":"View More","link":""}},"text_dqUyXX":{"type":"text","settings":{"title":"Guided Breath Sessions","desc":"Malesuada pellentesque elit.","link_text":"View More","link":""}},"text_9Mnm8r":{"type":"text","settings":{"title":"Joy Indicator","desc":"Est placerat in egestas erat.","link_text":"View More","link":""}}},"block_order":["text_QACJgJ","text_3DzBbX","text_q8QGkN","text_rEfVeT","text_q4Ugff","text_jPccNn","text_dqUyXX","text_9Mnm8r"],"settings":{"page_full_width":false,"page_full_width_spacing":false,"color_scheme":"background-1","title":"Elevate Your Workouts","heading_size":"h1","sub_heading":"Enhanced Options","description":"Ut lectus arcu bibendum at varius vel pharetra vel. Bibendum at varius vel pharetra vel turpis nunc eget lorem. Euismod in pellentesque massa placerat duis ultricies.","button_label":"","button_link":"","column_alignment":"center","button_style_secondary":false,"enable_image":true,"primary_title":"","primary_sub_title":"","primary_description":"","primary_button_text":"","primary_button_link":"","primary_text_align":"center","vertical_position":"position-vertical-center","banner_style":"grid","specification_style":"style1","overlay_style_height":"960","primary_position":"center","content_reverse":false,"additional_heading":"","additional_sub_heading":"","additional_description":"","additional_text_align":"center","additional_link_text":"","additional_link":"","additional_link_text1":"","additional_link1":"","padding_top":68,"padding_bottom":16,"custom_class_name":"specification-block-2"}},"hotspot_YT7PVk":{"type":"hotspot","blocks":{"product_cwrXah":{"type":"product","settings":{"product":"unisex-smartwatch","image_ratio":"adapt","show_secondary_image":false,"show_vendor":false,"show_new_tag":false,"show_rating":false,"top_position":50,"left_position":44,"text_position":"on-right"}}},"block_order":["product_cwrXah"],"settings":{"page_full_width":false,"page_full_width_spacing":false,"color_scheme":"background-1","title":"The Ultimate Companion","heading_size":"h1","sub_heading":"Smart Features","description":"Sed ut perspiunde omnis iste voluptatem accusantium doloremque laudantium, totam rem aperiam, eaque ipsa quae ab illo inventore veritatis et quasi architecto beatae vitae dicta sunt explicabo.","button_label":"","button_link":"","button_style_secondary":false,"column_alignment":"center","hotspot_tooltip_style":"style-3","hotspot_style":"style-1","icon_format":"simple-round","hotspot_size":36,"hotspot_outer_size":2,"hotspot_content_size":300,"hotspot_content_size_laptop":300,"hotspot_content_size_tablet":275,"hotspot_content_size_mobile":250,"custom_class_name":"demo8-hotspot-section","padding_top":28,"padding_bottom":68}},"grid_banner_XYXtRK":{"type":"grid-banner","blocks":{"text_eAyriR":{"type":"text","settings":{"show_content":true,"block_title":"Your Personal Assistant","enable_title_link":false,"block_sub_title":"","block_description":"Malesuada pellentesque elit eget gravida cum. Vulputate sapien nec sagittis aliquam malesuada bibendum arcu. Tellus in metus vulputate eu. Dolor sed viverra ipsum nunc aliquet bibendum.","block_additional_title":"","block_button_text":"","block_button_link":"","block_button_text1":"","block_button_link1":"","desktop_content_alignment":"left","desktop_content_position":"middle-left","reverse_column":false}},"text_JcLDGx":{"type":"text","settings":{"show_content":true,"block_title":"Advanced Sleep Analysis","enable_title_link":false,"block_sub_title":"","block_description":"Sed enim ut sem viverra. Mattis vulputate enim nulla aliquet porttitor lacus luctus. Non diam phasellus vestibulum lorem. Amet risus nullam eget felis eget. Ut porttitor leo a diam sollicitudin tempor id.","block_additional_title":"","block_button_text":"","block_button_link":"","block_button_text1":"","block_button_link1":"","desktop_content_alignment":"left","desktop_content_position":"middle-left","reverse_column":false}},"text_GB4e3U":{"type":"text","settings":{"show_content":true,"block_title":"Seamless Integration","enable_title_link":false,"block_sub_title":"","block_description":"Turpis egestas maecenas pharetra convallis posuere morbi leo urna molestie. Ut tortor pretium viverra suspendisse potenti nullam ac. Consectetur a erat nam at lectus urna duis.","block_additional_title":"","block_button_text":"","block_button_link":"","block_button_text1":"","block_button_link1":"","desktop_content_alignment":"left","desktop_content_position":"middle-left","reverse_column":false}},"text_GjkKYQ":{"type":"text","settings":{"show_content":true,"block_title":"Swim-Proof Design","enable_title_link":false,"block_sub_title":"","block_description":"Turpis egestas maecenas pharetra convallis posuere morbi leo urna molestie. Ut tortor pretium viverra suspendisse potenti nullam ac. Morbi leo urna molestie at elementum eu facilisis.","block_additional_title":"","block_button_text":"","block_button_link":"","block_button_text1":"","block_button_link1":"","desktop_content_alignment":"left","desktop_content_position":"middle-left","reverse_column":false}},"text_bWjFep":{"type":"text","settings":{"show_content":true,"block_title":"Activity Reminders","enable_title_link":false,"block_sub_title":"","block_description":"Justo laoreet sit amet cursus sit amet. Orci dapibus ultrices in iaculis nunc sed augue lacus viverra. Nibh tellus molestie nunc non. Orci porta non pulvinar neque laoreet suspendisse.","block_additional_title":"","block_button_text":"","block_button_link":"","block_button_text1":"","block_button_link1":"","desktop_content_alignment":"left","desktop_content_position":"middle-left","reverse_column":false}},"text_c9Mkpr":{"type":"text","settings":{"show_content":true,"block_title":"Health Insights","enable_title_link":false,"block_sub_title":"","block_description":"Lectus arcu bibendum at varius vel pharetra vel turpis. Aliquet nec ullamcorper sit amet risus nullam eget felis. Fermentum posuere urna nec tincidunt praesent semper feugiat nibh sed.","block_additional_title":"","block_button_text":"","block_button_link":"","block_button_text1":"","block_button_link1":"","desktop_content_alignment":"left","desktop_content_position":"middle-left","reverse_column":false}}},"block_order":["text_eAyriR","text_JcLDGx","text_GB4e3U","text_GjkKYQ","text_bWjFep","text_c9Mkpr"],"settings":{"page_full_width":false,"page_full_width_spacing":false,"title":"Advanced functionalities","heading_size":"h1","sub_heading":"Advanced Abilities","description":"Rhoncus urna neque viverra justo nec ultrices. Justo laoreet sit amet cursus. Dis parturient montes nascetur ridiculus mus mauris vitae ultricies.","button_label":"","button_link":"","button_style_secondary":false,"column_alignment":"center","background_style":"none","banner_style":"grid","grid-column":"3","column_gap":"30","overlay_height":400,"overlay_height_laptop":300,"overlay_height_tab":300,"overlay_height_mobile":200,"color_scheme":"background-1","padding_top":48,"padding_bottom":28,"custom_class_name":"home-grid-banner","swiper_enable":false,"desktop_column":4,"laptop_column":4,"tablet_column":3,"mobile_column":1,"centered_slide":false,"swiper_pagination":false,"swiper_navigation":false,"auto_play":0}},"featured_product_iNqa6W":{"type":"featured-product","blocks":{"text_LrM48g":{"type":"text","settings":{"text":"{{ section.settings.product.vendor }}","text_style":"uppercase"}},"title_dnjxXE":{"type":"title","settings":{"heading_size":"h1"}},"text_e3BtzA":{"type":"text","settings":{"text":"Our Smart wristwatch will help you stay on top of trends and improve your quality of life. This next-generation wearable redefines ease and connectivity like never before thanks to its innovative design and state-of-the-art engineering.","text_style":"subtitle"}},"price_aEhGtc":{"type":"price","settings":{}},"quantity_selector_7nPUgr":{"type":"quantity_selector","settings":{}},"variant_picker_7JQdHR":{"type":"variant_picker","settings":{"picker_type":"button","picker_method":"custom_color"}},"buy_buttons_kJtxYA":{"type":"buy_buttons","settings":{"show_dynamic_checkout":true}},"deal_LXGFbi":{"type":"deal","settings":{}}},"block_order":["text_LrM48g","title_dnjxXE","text_e3BtzA","price_aEhGtc","quantity_selector_7nPUgr","variant_picker_7JQdHR","buy_buttons_kJtxYA","deal_LXGFbi"],"settings":{"page_full_width":true,"page_full_width_spacing":true,"product":"unisex-smartwatch","color_scheme":"background-1","secondary_background":false,"gallery_layout":"thumbnail","thumb_carousel_layout":"thumbnail_slider_left","hide_variants":false,"enable_video_looping":false,"padding_top":80,"padding_bottom":40}},"testimonials_qLdz6t":{"type":"testimonials","blocks":{"text_ibBRMJ":{"type":"text","settings":{"block_color_scheme":"background-2","content_heading":"","author":"John Smith","job_title":"- UK","quote":"Molestie at elementum eu facilisis sed. Risus in hendrerit gravida rutrum quisque non tellus orci ac. Placerat vestibulum lectus mauris ultrices","star":"3","link_label":"","link":""}},"text_k8yGiq":{"type":"text","settings":{"block_color_scheme":"background-2","content_heading":"","author":"David Williams","job_title":"- Norway","quote":"Lectus arcu bibendum at varius vel pharetra. Leo vel fringilla est ullamcorper eget nulla facilisi. Pellentesque habitant morbi.","star":"3","link_label":"","link":""}},"text_z7HhUM":{"type":"text","settings":{"block_color_scheme":"background-2","content_heading":"","author":"Robert Davis","job_title":"- USA","quote":"Etiam non quam lacus suspendisse faucibus. Ultrices sagittis orci a scelerisque. At elementum eu facilisis sed odio. Cursus risus.","star":"3","link_label":"","link":""}}},"block_order":["text_ibBRMJ","text_k8yGiq","text_z7HhUM"],"settings":{"page_full_width":false,"page_full_width_spacing":false,"title":"Feedback from Our Users","heading_size":"h1","sub_heading":"testimonial","description":"","button_label":"","button_link":"","button_style_secondary":false,"column_alignment":"center","color_scheme":"background-1","testimonial_text_alignment":"center","testimonial_style":"style1","padding_top":72,"padding_bottom":72,"custom_class_name":"","desktop_column":3,"laptop_column":2,"tablet_column":2,"mobile_column":1,"centered_slide":false,"swiper_pagination":false,"swiper_navigation":false,"auto_play":0}},"featured_blog_reFBVJ":{"type":"featured-blog","settings":{"page_full_width":false,"page_full_width_spacing":false,"title":"Latest news","heading_size":"h1","sub_heading":"","description":"","button_label":"","button_link":"shopify:\/\/collections\/all","button_style_secondary":false,"column_alignment":"center","blog":"news","post_limit":2,"columns_desktop":2,"color_scheme":"background-1","show_image":true,"show_date":true,"show_author":false,"show_excerpts":true,"show_button":true,"enable_comments":false,"show_view_all":false,"block_banner_style":"list-style","content_width":"50\/50","lap_content_width":"40\/60","overlay_style_height":400,"overlay_opacity":"0.5","padding_top":40,"padding_bottom":40,"custom_class_name":"","swiper_enable":true,"desktop_column":2,"laptop_column":1,"tablet_column":1,"mobile_column":1,"swiper_pagination":true,"swiper_navigation":false,"auto_play":0,"swipe_on_mobile":false,"arrow_on_mobile":false,"columns_mobile":"1"}},"form_image_BF83BE":{"type":"form-image","settings":{"page_full_width":false,"page_full_width_spacing":false,"title":"Get in Touch","sub_heading":"contact us","description":"","button_label":"","button_link":"","button_style_secondary":false,"column_alignment":"left","color_scheme":"background-1","custom_liquid":"","collapsible_address":"No: 58 A, East Madison Street, Baltimore, MD, USA 4508","collapsible_contact_no":"+1 00-123-456-789","collapsible_contact_id":"info@example.com","block_alignments":"block-with-form","padding_top":60,"padding_bottom":36,"custom_class_name":""}}},"order":["173935995620539993","22208e64-dcc3-4578-b425-207fdf5259a3","rich_text_FcPRRj","icon_box_section_9C8FBr","featured_product_NmHine","specification_block_zQzYBe","video_LGXUUF","specification_block_hLhiht","hotspot_YT7PVk","grid_banner_XYXtRK","featured_product_iNqa6W","testimonials_qLdz6t","featured_blog_reFBVJ","form_image_BF83BE"]}