{"sections":{"5a6167b9-7e65-4f28-bb95-335bbeadc0bc":{"type":"breadcrumb","settings":{"page_full_width":true,"page_full_width_spacing":true,"use_breadcrumb_title":true,"breadcrumb_style":"center","image_overlay_opacity":1,"color_scheme":"background-1","padding_top":52,"padding_bottom":52}},"main":{"type":"main-list-collections","disabled":true,"settings":{"page_full_width":true,"page_full_width_spacing":true,"title":"","heading_size":"h1","sub_heading":"","description":"","button_label":"","button_link":"","button_style_secondary":false,"column_alignment":"center","collection_layout":"overlay","collection_button_label":"","collection_count":true,"image_ratio":"portrait","columns_desktop":4,"video_url":"https:\/\/www.youtube.com\/watch?v=_9VUPq3SxOc","alt_text":"","video_text":"","padding_top":24,"padding_bottom":40}},"collection_list_Mm6ErU":{"type":"collection-list","blocks":{"featured_collection_jaqzgV":{"type":"featured_collection","settings":{"collection":"quartz-watches"}},"featured_collection_MdqiWP":{"type":"featured_collection","settings":{"collection":"fitness-watches"}},"featured_collection_keyYcw":{"type":"featured_collection","settings":{"collection":"luxury-watches"}},"featured_collection_9FBczF":{"type":"featured_collection","settings":{"collection":"smart-watches"}}},"block_order":["featured_collection_jaqzgV","featured_collection_MdqiWP","featured_collection_keyYcw","featured_collection_9FBczF"],"settings":{"page_full_width":false,"page_full_width_spacing":false,"title":"","heading_size":"h1","sub_heading":"Sub Heading","description":"Use this text to share the information which you like!.","button_label":"Button label","button_link":"","button_style_secondary":false,"column_alignment":"center","image_ratio":"square","image_style":"default","columns_desktop":4,"color_scheme":"background-1","show_view_all":false,"collection_layout":"defalut","collection_count":true,"collection_description":true,"padding_top":36,"padding_bottom":36,"custom_class_name":"","swiper_enable":false,"desktop_column":4,"laptop_column":4,"tablet_column":3,"mobile_column":1,"swiper_pagination":false,"swiper_navigation":false,"auto_play":0,"swipe_on_mobile":false,"arrow_on_mobile":false,"columns_mobile":"1"}}},"order":["5a6167b9-7e65-4f28-bb95-335bbeadc0bc","main","collection_list_Mm6ErU"]}