{"sections":{"main":{"type":"main-page","settings":{"page_full_width":false,"page_full_width_spacing":false,"padding_top":0,"padding_bottom":0}},"e1883bf3-71d6-4592-9d20-b4fd2b710c70":{"type":"breadcrumb","settings":{"page_full_width":true,"page_full_width_spacing":true,"use_breadcrumb_title":true,"breadcrumb_image":"shopify:\/\/shop_images\/AdobeStock_369708595_1_2.png","breadcrumb_style":"center","image_overlay_opacity":0,"color_scheme":"accent-1","padding_top":120,"padding_bottom":120}},"90f0a638-f544-4cb8-b4ae-9cb2c45d3d54":{"type":"form-image","settings":{"page_full_width":true,"page_full_width_spacing":true,"title":"Contact Form","sub_heading":"","description":"Eleifend mi in nulla posuere. Adipiscing bibendum est ultricies integer quis auctor. Cras adipiscing enim eu turpis egestas pretium. Id interdum velit laoreet id donec ultrices tincidunt. Nulla pellentesque.","button_label":"","button_link":"","button_style_secondary":false,"column_alignment":"left","color_scheme":"background-1","custom_liquid":"<iframe src=\"https:\/\/www.google.com\/maps\/embed?pb=!1m14!1m8!1m3!1d15663.528800912365!2d77.0443103!3d11.0474579!3m2!1i1024!2i768!4f13.1!3m3!1m2!1s0x3ba8583a7d68dff5%3A0x181af0c54e886b2e!2sWeDesignTech!5e0!3m2!1sen!2sin!4v1700132779578!5m2!1sen!2sin\" width=\"100%\" height=\"430\" style=\"border:0; border-radius=\"22\"px allowfullscreen=\"\" loading=\"lazy\" referrerpolicy=\"no-referrer-when-downgrade\"><\/iframe>","collapsible_address":"No: 58 A, East Madison Street, Baltimore, MD, USA 4508","collapsible_contact_no":"contact@example.com","collapsible_contact_id":"+000 123 456789","block_alignments":"block-with-form","padding_top":100,"padding_bottom":60,"custom_class_name":"contact-style-2"}},"d7c3b214-3cc5-4553-8327-3cc3e12d4d7c":{"type":"support-block","blocks":{"template--21650591351084__d7c3b214-3cc5-4553-8327-3cc3e12d4d7c-column-1":{"type":"column","settings":{"image":"shopify:\/\/shop_images\/Group_26132.png","title":"Secured Payment","text":"<p>At varius vel pharetra vel turpis nunc. A condimentum vitae sapien pellentesque. Dui sapien eget mi proin. <\/p>","link_label":"","link":"","block_color_scheme":"background-2"}},"template--21650591351084__d7c3b214-3cc5-4553-8327-3cc3e12d4d7c-column-2":{"type":"column","settings":{"image":"shopify:\/\/shop_images\/Group_26133.png","title":"Customer support","text":"<p>Tortor at risus viverra adipiscing at in tellus integer. Pulvinar neque laoreet suspendisse interdum.<\/p>","link_label":"","link":"","block_color_scheme":"background-2"}},"template--21650591351084__d7c3b214-3cc5-4553-8327-3cc3e12d4d7c-column-3":{"type":"column","settings":{"image":"shopify:\/\/shop_images\/Group_25179_fd3ecb79-b8a8-4b02-af4a-9c98f31f8723.png","title":"In-store Pickup","text":"<p>Facilisi morbi tempus iaculis urna. Pellentesque nec nam aliquam sem et tortor consequat id.<\/p>","link_label":"","link":"","block_color_scheme":"background-2"}}},"block_order":["template--21650591351084__d7c3b214-3cc5-4553-8327-3cc3e12d4d7c-column-1","template--21650591351084__d7c3b214-3cc5-4553-8327-3cc3e12d4d7c-column-2","template--21650591351084__d7c3b214-3cc5-4553-8327-3cc3e12d4d7c-column-3"],"settings":{"page_full_width":true,"page_full_width_spacing":true,"title":"","heading_size":"h1","sub_heading":"","description":"Tortor at risus viverra adipiscing at in tellus integer. Pulvinar neque laoreet suspendisse interdum consectetur libero. ","button_label":"","button_link":"","button_style_secondary":false,"column_alignment":"left","columns_desktop":3,"color_scheme":"background-1","block_styles":"grid__items","block_column_alignment":"center","icon_outer_size":"90","icon_size":"","image_radius":"","vertical_position":"veritcal_center","padding_top":0,"padding_bottom":40,"swiper_enable":true,"desktop_column":3,"laptop_column":3,"tablet_column":2,"mobile_column":1,"swiper_pagination":false,"swiper_navigation":false,"auto_play":2,"swipe_on_mobile":false,"arrow_on_mobile":false,"columns_mobile":"1","custom_class_name":"fashion2support"}}},"order":["main","e1883bf3-71d6-4592-9d20-b4fd2b710c70","90f0a638-f544-4cb8-b4ae-9cb2c45d3d54","d7c3b214-3cc5-4553-8327-3cc3e12d4d7c"]}