{"sections":{"6cd6487e-d9a0-4ded-85ba-5068911dc2fd":{"type":"breadcrumb","settings":{"page_full_width":true,"page_full_width_spacing":true,"use_breadcrumb_title":true,"breadcrumb_style":"center","image_overlay_opacity":0,"color_scheme":"background-1","padding_top":40,"padding_bottom":40}},"main":{"type":"main-page","disabled":true,"settings":{"page_full_width":false,"page_full_width_spacing":false,"padding_top":0,"padding_bottom":0}},"collapsible_content_6FmzTr":{"type":"collapsible-content","blocks":{"collapsible_row_PBaxbx":{"type":"collapsible_row","settings":{"heading":"Can I customize the watch face on my smartwatch?","icon":"none","row_content":"<p>Cras adipiscing enim eu turpis egestas pretium aenean pharetra magna. Accumsan tortor posuere ac ut consequat semper. <\/p>"}},"collapsible_row_xhtgeg":{"type":"collapsible_row","settings":{"heading":"How long does the battery last on the smartwatch?","icon":"none","row_content":"<p>Pretium lectus quam id leo in vitae turpis massa. At quis risus sed vulputate odio ut enim blandit volutpat. Magna fringilla urna porttitor rhoncus dolor purus non enim.<\/p>"}},"collapsible_row_i3JgUQ":{"type":"collapsible_row","settings":{"heading":"Can I use third-party apps on my smartwatch?","icon":"none","row_content":"<p>Lacus vestibulum sed arcu non odio euismod lacinia at quis. Convallis posuere morbi leo urna molestie at elementum.<\/p>"}},"collapsible_row_z7ebny":{"type":"collapsible_row","settings":{"heading":"Is the smartwatch water-resistant or waterproof?","icon":"none","row_content":"<p>In nisl nisi scelerisque eu ultrices vitae. Vitae aliquet nec ullamcorper sit amet risus nullam eget. Tortor at auctor urna nunc. Molestie ac feugiat sed lectus vestibulum mattis ullamcorper velit.<\/p>"}}},"block_order":["collapsible_row_PBaxbx","collapsible_row_xhtgeg","collapsible_row_i3JgUQ","collapsible_row_z7ebny"],"settings":{"page_full_width":false,"page_full_width_spacing":false,"title":"","heading_size":"h1","sub_heading":"","description":"","button_label":"","button_link":"shopify:\/\/collections\/all","button_style_secondary":false,"column_alignment":"center","layout":"none","color_scheme":"background-1","container_color_scheme":"background-2","open_first_collapsible_row":true,"enable_address_block":true,"image":"shopify:\/\/shop_images\/aboutpage.jpg","image_ratio":"adapt","address_heading":"","address_desc":"","collapsible_address":"","collapsible_contact_no":"","collapsible_contact_id":"","desktop_layout":"image_second","padding_top":0,"padding_bottom":48,"custom_class_name":""}},"93d84784-7fbc-4894-a337-2e1852e09a88":{"type":"support-block","blocks":{"template--21548898287916__93d84784-7fbc-4894-a337-2e1852e09a88-column-1":{"type":"column","settings":{"image":"shopify:\/\/shop_images\/Icon19.png","title":"Secured Payment","text":"<p>Id diam maecenas ultricies mi eget mauris pharetra. Eleifend donec pretium.<\/p>","link_label":"","link":"","block_color_scheme":"background-2"}},"template--21548898287916__93d84784-7fbc-4894-a337-2e1852e09a88-column-2":{"type":"column","settings":{"image":"shopify:\/\/shop_images\/Icon17.png","title":"Cashback Guaranteed","text":"<p>Egestas fringilla phasellus faucibus scelerisque eleifend. Mattis pellentesque. <\/p>","link_label":"","link":"","block_color_scheme":"background-2"}},"template--21548898287916__93d84784-7fbc-4894-a337-2e1852e09a88-column-3":{"type":"column","settings":{"image":"shopify:\/\/shop_images\/Icon18.png","title":"In-store Pickup","text":"<p>Morbi tristique senectus et netus et. Aliquet nec ullamcorper sit amet risus nullam.<\/p>","link_label":"","link":"","block_color_scheme":"background-2"}}},"block_order":["template--21548898287916__93d84784-7fbc-4894-a337-2e1852e09a88-column-1","template--21548898287916__93d84784-7fbc-4894-a337-2e1852e09a88-column-2","template--21548898287916__93d84784-7fbc-4894-a337-2e1852e09a88-column-3"],"settings":{"page_full_width":false,"page_full_width_spacing":false,"title":"","heading_size":"h1","sub_heading":"","description":"","button_label":"","button_link":"","button_style_secondary":false,"column_alignment":"center","columns_desktop":3,"color_scheme":"background-1","block_styles":"grid__items","block_column_alignment":"center","icon_outer_size":"60","icon_size":"","image_radius":"","vertical_position":"veritcal_center","padding_top":72,"padding_bottom":60,"swiper_enable":true,"desktop_column":3,"laptop_column":3,"tablet_column":2,"mobile_column":1,"swiper_pagination":false,"swiper_navigation":false,"auto_play":2,"swipe_on_mobile":false,"arrow_on_mobile":false,"columns_mobile":"1","custom_class_name":"fashion2support"}}},"order":["6cd6487e-d9a0-4ded-85ba-5068911dc2fd","main","collapsible_content_6FmzTr","93d84784-7fbc-4894-a337-2e1852e09a88"]}