{"sections":{"main":{"type":"main-page","settings":{"page_full_width":false,"page_full_width_spacing":false,"padding_top":0,"padding_bottom":40}},"5f6b70ff-dfa9-46d5-8c78-0a2a123034e8":{"type":"breadcrumb","settings":{"page_full_width":true,"page_full_width_spacing":true,"use_breadcrumb_title":true,"breadcrumb_image":"shopify:\/\/shop_images\/Mask_group_28.png","breadcrumb_style":"center","image_overlay_opacity":0,"color_scheme":"accent-1","padding_top":120,"padding_bottom":120}},"08ca2fd1-7e41-4c3e-937f-35eb7cc04dae":{"type":"collapsible-content","blocks":{"template--21649490641196__08ca2fd1-7e41-4c3e-937f-35eb7cc04dae-collapsible_row-1":{"type":"collapsible_row","settings":{"heading":"Are there any special offers or price reductions?","icon":"none","row_content":"<p>We regularly provide sales, discounts, and exclusive deals. By signing up for our newsletter or following us on social media, customers can keep informed. <\/p>"}},"template--21649490641196__08ca2fd1-7e41-4c3e-937f-35eb7cc04dae-collapsible_row-2":{"type":"collapsible_row","settings":{"heading":"How can I follow up on my order?","icon":"none","row_content":"<p>When your order ships, we are going to give you a message with a tracking number.To track the progress of your delivery, use this tracking number on either our website or the website of the shipping company.<\/p>"}},"template--21649490641196__08ca2fd1-7e41-4c3e-937f-35eb7cc04dae-collapsible_row-3":{"type":"collapsible_row","settings":{"heading":"How do I connect to your customer care service?","icon":"none","row_content":"<p>During business hours, you can reach our customer service team by phone, email, or live chat. We are presently to answer any questions or address any issues you may possess. Or just have access to our contact page fill the form to reach us.<\/p>"}},"template--21649490641196__08ca2fd1-7e41-4c3e-937f-35eb7cc04dae-collapsible_row-4":{"type":"collapsible_row","settings":{"heading":"Do you provide shipping to other countries?","icon":"none","row_content":"<p>Indeed, we ship internationally to a number of nations. Depending on the destination, additional shipping costs and extended delivery dates can be necessary. <\/p>"}}},"block_order":["template--21649490641196__08ca2fd1-7e41-4c3e-937f-35eb7cc04dae-collapsible_row-1","template--21649490641196__08ca2fd1-7e41-4c3e-937f-35eb7cc04dae-collapsible_row-2","template--21649490641196__08ca2fd1-7e41-4c3e-937f-35eb7cc04dae-collapsible_row-3","template--21649490641196__08ca2fd1-7e41-4c3e-937f-35eb7cc04dae-collapsible_row-4"],"settings":{"page_full_width":false,"page_full_width_spacing":false,"title":"FREQUENTLY ASKED QUESTIONS","heading_size":"h1","sub_heading":"","description":"","button_label":"","button_link":"","button_style_secondary":false,"column_alignment":"center","layout":"none","color_scheme":"background-1","container_color_scheme":"background-2","open_first_collapsible_row":true,"enable_address_block":false,"image_ratio":"adapt","address_heading":"","address_desc":"","collapsible_address":"","collapsible_contact_no":"","collapsible_contact_id":"","desktop_layout":"image_second","padding_top":88,"padding_bottom":40,"custom_class_name":""}}},"order":["main","5f6b70ff-dfa9-46d5-8c78-0a2a123034e8","08ca2fd1-7e41-4c3e-937f-35eb7cc04dae"]}