{"sections":{"20c2390c-0520-44bb-b54d-c38692a00aaa":{"type":"breadcrumb","settings":{"page_full_width":true,"page_full_width_spacing":true,"use_breadcrumb_title":true,"breadcrumb_style":"center","image_overlay_opacity":0,"color_scheme":"background-1","padding_top":48,"padding_bottom":40}},"main":{"type":"main-page","disabled":true,"settings":{"page_full_width":false,"page_full_width_spacing":false,"padding_top":0,"padding_bottom":0}},"0b8c12a8-0a65-4c8c-b88c-2a212202886f":{"type":"form-image","settings":{"page_full_width":false,"page_full_width_spacing":false,"title":"Get In Touch","sub_heading":"","description":"Tincidunt lobortis feugiat vivamus at augue eget arcu dictum varius. Non pulvinar neque laoreet suspendisse interdum consectetur libero.Magna fermentum iaculis eu non diam. ","button_label":"","button_link":"","button_style_secondary":false,"column_alignment":"left","color_scheme":"background-2","custom_liquid":"<iframe src=\"https:\/\/www.google.com\/maps\/embed?pb=!1m14!1m8!1m3!1d15663.528800912365!2d77.0443103!3d11.0474579!3m2!1i1024!2i768!4f13.1!3m3!1m2!1s0x3ba8583a7d68dff5%3A0x181af0c54e886b2e!2sWeDesignTech!5e0!3m2!1sen!2sin!4v1700132779578!5m2!1sen!2sin\" width=\"100%\" height=\"430\" style=\"border:0;\" allowfullscreen=\"\" loading=\"lazy\" referrerpolicy=\"no-referrer-when-downgrade\"><\/iframe>","collapsible_address":"No: 58 A, East Madison Street, Baltimore, MD, USA 4508","collapsible_contact_no":"+000 123 -456789","collapsible_contact_id":"contact@example.com","block_alignments":"map-with-form","padding_top":32,"padding_bottom":100,"custom_class_name":"contact-form"}},"93d84784-7fbc-4894-a337-2e1852e09a88":{"type":"support-block","blocks":{"template--21548898287916__93d84784-7fbc-4894-a337-2e1852e09a88-column-1":{"type":"column","settings":{"image":"shopify:\/\/shop_images\/Icon19.png","title":"Secured Payment","text":"<p>At varius vel pharetra vel turpis nunc. A condimentum vitae sapien pellentesque. Dui sapien eget mi proin. <\/p>","link_label":"","link":"","block_color_scheme":"background-2"}},"template--21548898287916__93d84784-7fbc-4894-a337-2e1852e09a88-column-2":{"type":"column","settings":{"image":"shopify:\/\/shop_images\/Icon17.png","title":"Customer Support","text":"<p>Tortor at risus viverra adipiscing at in tellus integer. Pulvinar neque laoreet suspendisse interdum.<\/p>","link_label":"","link":"","block_color_scheme":"background-2"}},"template--21548898287916__93d84784-7fbc-4894-a337-2e1852e09a88-column-3":{"type":"column","settings":{"image":"shopify:\/\/shop_images\/Icon18.png","title":"In-store Pickup","text":"<p>Facilisi morbi tempus iaculis urna. Pellentesque nec nam aliquam sem et tortor consequat id.<\/p>","link_label":"","link":"","block_color_scheme":"background-2"}}},"block_order":["template--21548898287916__93d84784-7fbc-4894-a337-2e1852e09a88-column-1","template--21548898287916__93d84784-7fbc-4894-a337-2e1852e09a88-column-2","template--21548898287916__93d84784-7fbc-4894-a337-2e1852e09a88-column-3"],"settings":{"page_full_width":false,"page_full_width_spacing":false,"title":"","heading_size":"h1","sub_heading":"","description":"","button_label":"","button_link":"","button_style_secondary":false,"column_alignment":"center","columns_desktop":3,"color_scheme":"background-1","block_styles":"grid__items","block_column_alignment":"center","icon_outer_size":"60","icon_size":"","image_radius":"","vertical_position":"veritcal_center","padding_top":0,"padding_bottom":40,"swiper_enable":true,"desktop_column":3,"laptop_column":3,"tablet_column":2,"mobile_column":1,"swiper_pagination":false,"swiper_navigation":false,"auto_play":2,"swipe_on_mobile":false,"arrow_on_mobile":false,"columns_mobile":"1","custom_class_name":"fashion2support"}}},"order":["20c2390c-0520-44bb-b54d-c38692a00aaa","main","0b8c12a8-0a65-4c8c-b88c-2a212202886f","93d84784-7fbc-4894-a337-2e1852e09a88"]}