{"sections":{"main":{"type":"main-page","disabled":true,"settings":{"page_full_width":false,"page_full_width_spacing":false,"padding_top":0,"padding_bottom":0}},"e0e317d7-f4e4-443a-8d9a-dd3eced24d2c":{"type":"breadcrumb","settings":{"page_full_width":true,"page_full_width_spacing":true,"use_breadcrumb_title":false,"breadcrumb_style":"center","image_overlay_opacity":0,"color_scheme":"background-1","padding_top":40,"padding_bottom":40}},"rich_text_pRBNfV":{"type":"rich-text","blocks":{"heading_6r464z":{"type":"heading","settings":{"heading":"Discover Our Story","heading_size":"h1"}},"text_9TDBhz":{"type":"text","settings":{"text":"<p>Dictumst vestibulum rhoncus est pellentesque. Tortor at risus viverra adipiscing at in tellus. Nunc sed blandit libero volutpat sed cras ornare arcu dui. Tempor orci eu lobortis elementum nibh tellus molestie nunc. Quis risus sed vulputate odio ut enim blandit volutpat. Morbi blandit cursus risus at. Elementum nibh tellus molestie nunc non blandit massa enim nec. Quis varius quam quisque id diam vel. Mattis nunc sed blandit libero volutpat sed. Turpis egestas integer eget aliquet. Purus faucibus ornare suspendisse sed nisi lacus sed.Quam vulputate dignissim suspendisse in est ante in nibh. Consequat semper viverra nam libero.<\/p>"}},"button_JaYAhJ":{"type":"button","settings":{"button_label":"Explore More","button_link":"shopify:\/\/collections\/analog-watches","button_style_secondary":false}}},"block_order":["heading_6r464z","text_9TDBhz","button_JaYAhJ"],"settings":{"page_full_width":false,"page_full_width_spacing":false,"color_scheme":"background-1","padding_top":0,"padding_bottom":52}},"9654d0e3-3cff-4b38-ad3c-12aaff41362a":{"type":"home-slider-width-tabs","blocks":{"template--21548898222380__9654d0e3-3cff-4b38-ad3c-12aaff41362a-slider_tab-1":{"type":"slider_tab","settings":{"image":"shopify:\/\/shop_images\/Frame_2_6c97104f-2a19-4a81-88a2-dbbe734d8823.jpg","mobile_image":"shopify:\/\/shop_images\/Frame_2.jpg","show_image":true,"show_content":true,"content_position":"center","text_alignment":"left","tab":"","tab_image":"shopify:\/\/shop_images\/Frame_2_6c97104f-2a19-4a81-88a2-dbbe734d8823.jpg","main_title":"Welcome to our online store, where sophistication meets innovation. Discover our collection of premium smartwatches crafted .","main_title_size":"34","sub_title":"","sub_title_size":"30","text":"Imperdiet nulla malesuada pellentesque elit eget gravida cum. Vulputate odio ut enim blandit volutpat.Morbi leo urna molestie at elementum eu facilisis.","text_size":"16","link_text":"Shop Now","link":"shopify:\/\/collections\/fitness-watches"}},"e82af2a5-ba6d-4ccc-9ca5-3d557082c5da":{"type":"slider_tab","settings":{"image":"shopify:\/\/shop_images\/Aboutmb2.jpg","mobile_image":"shopify:\/\/shop_images\/Aboutmb2.jpg","show_image":true,"show_content":true,"content_position":"center","text_alignment":"left","tab":"","tab_image":"shopify:\/\/shop_images\/Aboutmb2.jpg","main_title":"Step into the future of wearable technology at our online store. Explore our curated collection of premium smartwatches","main_title_size":"36","sub_title":"","sub_title_size":"30","text":"Amet nisl purus in mollis nunc sed id semper.Aliquam vestibulum mauris eu velit imperdiet venenatis. Class aptent taciti sociosqu ad litora torquent per conubia nostra, per inceptos himenaeos. Sed vestibulum venenatis sem et posuere.","text_size":"16","link_text":"Shop Now","link":"shopify:\/\/collections\/luxury-watches"}},"a69fd062-8a24-498e-ab17-d533e55d716b":{"type":"slider_tab","settings":{"image":"shopify:\/\/shop_images\/Mask_group.jpg","mobile_image":"shopify:\/\/shop_images\/Mask_group.jpg","show_image":true,"show_content":true,"content_position":"center","text_alignment":"left","tab":"","tab_image":"shopify:\/\/shop_images\/Frame_3.jpg","main_title":"Experience the pinnacle of sophistication and innovation with our online store.","main_title_size":"36","sub_title":"","sub_title_size":"30","text":"Egestas sed sed risus pretium quam vulputate dignissim. Pellentesque habitant morbi tristique senectus et. Lorem dolor sed viverra ipsum nunc aliquet bibendum. Pellentesque diam volutpat commodo sed egestas egestas fringilla.","text_size":"16","link_text":"Shop Now","link":"shopify:\/\/collections\/quartz-watches"}}},"block_order":["template--21548898222380__9654d0e3-3cff-4b38-ad3c-12aaff41362a-slider_tab-1","e82af2a5-ba6d-4ccc-9ca5-3d557082c5da","a69fd062-8a24-498e-ab17-d533e55d716b"],"settings":{"page_full_width":false,"page_full_width_spacing":false,"title":"","heading_size":"h1","sub_heading":"","description":"","button_label":"","button_link":"","button_style_secondary":false,"column_alignment":"center","color_scheme":"background-1","disable_arrows":true,"enable_two_column_block":true,"slider_height":890,"slider_height_lap":800,"slider_height_tab":600,"slider_height_mobile":400,"padding_top":70,"padding_bottom":70,"custom_class_name":"custom-slider-tab"}},"93d84784-7fbc-4894-a337-2e1852e09a88":{"type":"support-block","blocks":{"template--21548898287916__93d84784-7fbc-4894-a337-2e1852e09a88-column-1":{"type":"column","settings":{"image":"shopify:\/\/shop_images\/Icon19.png","title":"Secured Payment","text":"<p>Id diam maecenas ultricies mi eget mauris pharetra. Eleifend donec pretium.<\/p>","link_label":"","link":"","block_color_scheme":"background-2"}},"template--21548898287916__93d84784-7fbc-4894-a337-2e1852e09a88-column-2":{"type":"column","settings":{"image":"shopify:\/\/shop_images\/Icon17.png","title":"Cashback Guaranteed","text":"<p>Egestas fringilla phasellus faucibus scelerisque eleifend. Mattis pellentesque. <\/p>","link_label":"","link":"","block_color_scheme":"background-2"}},"template--21548898287916__93d84784-7fbc-4894-a337-2e1852e09a88-column-3":{"type":"column","settings":{"image":"shopify:\/\/shop_images\/Icon18.png","title":"In-store Pickup","text":"<p>Morbi tristique senectus et netus et. Aliquet nec ullamcorper sit amet risus nullam.<\/p>","link_label":"","link":"","block_color_scheme":"background-2"}}},"block_order":["template--21548898287916__93d84784-7fbc-4894-a337-2e1852e09a88-column-1","template--21548898287916__93d84784-7fbc-4894-a337-2e1852e09a88-column-2","template--21548898287916__93d84784-7fbc-4894-a337-2e1852e09a88-column-3"],"settings":{"page_full_width":false,"page_full_width_spacing":false,"title":"","heading_size":"h1","sub_heading":"","description":"","button_label":"","button_link":"","button_style_secondary":false,"column_alignment":"center","columns_desktop":3,"color_scheme":"background-1","block_styles":"grid__items","block_column_alignment":"center","icon_outer_size":"60","icon_size":"","image_radius":"","vertical_position":"veritcal_center","padding_top":72,"padding_bottom":60,"swiper_enable":true,"desktop_column":3,"laptop_column":3,"tablet_column":2,"mobile_column":1,"swiper_pagination":false,"swiper_navigation":false,"auto_play":2,"swipe_on_mobile":false,"arrow_on_mobile":false,"columns_mobile":"1","custom_class_name":"fashion2support"}},"collapsible_content_6FmzTr":{"type":"collapsible-content","blocks":{"collapsible_row_PBaxbx":{"type":"collapsible_row","settings":{"heading":"Can I customize the watch face on my smartwatch?","icon":"none","row_content":"<p>Cras adipiscing enim eu turpis egestas pretium aenean pharetra magna. Accumsan tortor posuere ac ut consequat semper. <\/p>"}},"collapsible_row_xhtgeg":{"type":"collapsible_row","settings":{"heading":"How long does the battery last on the smartwatch?","icon":"none","row_content":"<p>Pretium lectus quam id leo in vitae turpis massa. At quis risus sed vulputate odio ut enim blandit volutpat. Magna fringilla urna porttitor rhoncus dolor purus non enim.<\/p>"}},"collapsible_row_i3JgUQ":{"type":"collapsible_row","settings":{"heading":"Can I use third-party apps on my smartwatch?","icon":"none","row_content":"<p>Lacus vestibulum sed arcu non odio euismod lacinia at quis. Convallis posuere morbi leo urna molestie at elementum.<\/p>"}},"collapsible_row_z7ebny":{"type":"collapsible_row","settings":{"heading":"Is the smartwatch water-resistant or waterproof?","icon":"none","row_content":"<p>In nisl nisi scelerisque eu ultrices vitae. Vitae aliquet nec ullamcorper sit amet risus nullam eget. Tortor at auctor urna nunc. Molestie ac feugiat sed lectus vestibulum mattis ullamcorper velit.<\/p>"}}},"block_order":["collapsible_row_PBaxbx","collapsible_row_xhtgeg","collapsible_row_i3JgUQ","collapsible_row_z7ebny"],"settings":{"page_full_width":false,"page_full_width_spacing":false,"title":"Faq","heading_size":"h1","sub_heading":"","description":"Amet nisl purus in mollis nunc sed id semper.Aliquam vestibulum mauris eu velit imperdiet venenatis. Class aptent taciti sociosqu ad litora torquent per conubia nostra, per inceptos himenaeos. Sed vestibulum venenatis sem et posuere.","button_label":"","button_link":"shopify:\/\/collections\/all","button_style_secondary":false,"column_alignment":"center","layout":"none","color_scheme":"background-1","container_color_scheme":"background-2","open_first_collapsible_row":true,"enable_address_block":true,"image":"shopify:\/\/shop_images\/aboutpage.jpg","image_ratio":"adapt","address_heading":"","address_desc":"","collapsible_address":"","collapsible_contact_no":"","collapsible_contact_id":"","desktop_layout":"image_second","padding_top":48,"padding_bottom":48,"custom_class_name":""}},"grid_banner_LNzJrH":{"type":"grid-banner","blocks":{"text_qBcjHh":{"type":"text","settings":{"block_image":"shopify:\/\/shop_images\/aboutpagefaq2.jpg","show_content":true,"block_title":"Sync","enable_title_link":false,"block_sub_title":"Find Trends","block_description":"Mus mauris vitae ultricies leo. Nisi quis eleifend quam adipiscing vitae proin sagittis nisl. Amet cursus sit amet dictum. Mauris ultrices eros in cursus turpis masew.","block_additional_title":"","block_button_text":"","block_button_link":"","block_button_text1":"","block_button_link1":"","desktop_content_alignment":"left","desktop_content_position":"top-left","reverse_column":false}},"text_zEDVkc":{"type":"text","settings":{"block_image":"shopify:\/\/shop_images\/Frame_20_e62d7cee-8178-4fe6-8c14-15bbb755408e.jpg","show_content":true,"block_title":"Edge","enable_title_link":false,"block_sub_title":"Connect Now","block_description":"Leo vel fringilla est ullamcorper eget nulla facilisi etiam. Enim ut tellus elementum sagittis vitae et leo duis. In metus vulputate eu scelerisque felis imperdiet proin fermentum.","block_additional_title":"","block_button_text":"","block_button_link":"","block_button_text1":"","block_button_link1":"","desktop_content_alignment":"left","desktop_content_position":"top-left","reverse_column":true}}},"block_order":["text_qBcjHh","text_zEDVkc"],"settings":{"page_full_width":false,"page_full_width_spacing":false,"title":"","heading_size":"h1","sub_heading":"","description":"","button_label":"","button_link":"","button_style_secondary":false,"column_alignment":"center","background_style":"none","banner_style":"overlay","grid-column":"2","column_gap":"30","overlay_height":550,"overlay_height_laptop":490,"overlay_height_tab":440,"overlay_height_mobile":420,"color_scheme":"accent-1","padding_top":64,"padding_bottom":56,"custom_class_name":"about-grid-banner","swiper_enable":false,"desktop_column":4,"laptop_column":4,"tablet_column":3,"mobile_column":1,"centered_slide":false,"swiper_pagination":false,"swiper_navigation":false,"auto_play":0}},"27ce395c-0fa1-4c18-9a67-e64cb1dcab7e":{"type":"inner-page-team-section","blocks":{"template--21548898222380__27ce395c-0fa1-4c18-9a67-e64cb1dcab7e-text-1":{"type":"text","settings":{"block_image":"shopify:\/\/shop_images\/Team01.jpg","show_content":true,"block_title":"Alex Thompson","block_sub_title":"CEO","block_description":"","block_button_text":"","block_button_link":"","desktop_content_alignment":"center"}},"template--21548898222380__27ce395c-0fa1-4c18-9a67-e64cb1dcab7e-text-2":{"type":"text","settings":{"block_image":"shopify:\/\/shop_images\/Team02.jpg","show_content":true,"block_title":"Marketing Director","block_sub_title":"Marketing Director","block_description":"","block_button_text":"","block_button_link":"","desktop_content_alignment":"center"}},"template--21548898222380__27ce395c-0fa1-4c18-9a67-e64cb1dcab7e-text-3":{"type":"text","settings":{"block_image":"shopify:\/\/shop_images\/Team03.jpg","show_content":true,"block_title":"Christopher Lee","block_sub_title":"Product Tester","block_description":"","block_button_text":"","block_button_link":"","desktop_content_alignment":"center"}},"template--21548898222380__27ce395c-0fa1-4c18-9a67-e64cb1dcab7e-text-4":{"type":"text","settings":{"block_image":"shopify:\/\/shop_images\/Team04.jpg","show_content":true,"block_title":"Brian Hill","block_sub_title":"Finance Manager","block_description":"","block_button_text":"","block_button_link":"","desktop_content_alignment":"center"}}},"block_order":["template--21548898222380__27ce395c-0fa1-4c18-9a67-e64cb1dcab7e-text-1","template--21548898222380__27ce395c-0fa1-4c18-9a67-e64cb1dcab7e-text-2","template--21548898222380__27ce395c-0fa1-4c18-9a67-e64cb1dcab7e-text-3","template--21548898222380__27ce395c-0fa1-4c18-9a67-e64cb1dcab7e-text-4"],"settings":{"page_full_width":false,"page_full_width_spacing":false,"title":"Our Team","heading_size":"h1","sub_heading":"","description":"","button_label":"","button_link":"","button_style_secondary":false,"column_alignment":"center","background_style":"primary","team-section":"4","color_scheme":"background-1","padding_top":52,"padding_bottom":56,"custom_class_name":"about-team-section","swiper_enable":true,"desktop_column":4,"laptop_column":3,"tablet_column":2,"mobile_column":1,"centered_slide":false,"swiper_pagination":false,"swiper_navigation":false,"auto_play":2}}},"order":["main","e0e317d7-f4e4-443a-8d9a-dd3eced24d2c","rich_text_pRBNfV","9654d0e3-3cff-4b38-ad3c-12aaff41362a","93d84784-7fbc-4894-a337-2e1852e09a88","collapsible_content_6FmzTr","grid_banner_LNzJrH","27ce395c-0fa1-4c18-9a67-e64cb1dcab7e"]}