{"layout":"password","sections":{"main":{"type":"email-signup-banner","blocks":{"heading":{"type":"heading","settings":{"heading":"Stay Ahead with Our Style Predictions","heading_size":"h1"}},"paragraph":{"type":"paragraph","settings":{"text":"<p>Quisque nec nisi ut velit bibendum interdum non in nulla.<\/p>","text_style":"body"}},"email_form":{"type":"email_form","settings":{}}},"block_order":["heading","paragraph","email_form"],"settings":{"image":"shopify:\/\/shop_images\/Password_Image.jpg","image_overlay_opacity":0,"show_background_image":true,"image_height":"adapt-image","desktop_content_position":"middle-center","show_text_box":true,"desktop_content_alignment":"center","color_scheme":"inverse","mobile_content_alignment":"center","show_text_below":false}}},"order":["main"]}