{"sections":{"2246be81-f016-4af3-a46e-0b3d46f7e978":{"type":"breadcrumb","settings":{"page_full_width":true,"page_full_width_spacing":true,"use_breadcrumb_title":true,"breadcrumb_style":"center","image_overlay_opacity":0,"color_scheme":"background-1","padding_top":52,"padding_bottom":40}},"main":{"type":"main-product","blocks":{"5bd39864-5b2d-4ea2-8f73-5f50abdc2a17":{"type":"breadcrumb","disabled":true,"settings":{"breadcrumb_position":"right"}},"title":{"type":"title","settings":{}},"caption":{"type":"text","settings":{"text":"Our Smart wristwatch will help you stay on top of trends and improve your quality of life. This next-generation wearable redefines ease and connectivity like never before thanks to its innovative design and state-of-the-art engineering.","text_style":"body"}},"52794bcc-295b-4f22-af16-704f37c9ded7":{"type":"inventory","settings":{"text_style":"body","inventory_threshold":10,"show_inventory_quantity":true}},"price":{"type":"price","settings":{}},"ff6ad440-5f23-4eda-b2dc-a0b3e665311b":{"type":"sku","disabled":true,"settings":{}},"ac8dc943-c308-423f-90c3-adea0b3a487e":{"type":"vendor","disabled":true,"settings":{}},"7fc556c7-f815-4fd8-b219-f78a53af198f":{"type":"type","disabled":true,"settings":{}},"4c6c3629-d7b7-42eb-bd05-e2189e5f2c29":{"type":"deal","settings":{}},"variant_picker":{"type":"variant_picker","settings":{"picker_type":"button","picker_method":"custom_color"}},"381e9805-2b9d-4e45-99ce-2a5f748ed6af":{"type":"size-popup","settings":{"text":"Size Guide","page":"size-guide"}},"f2453734-fb3d-479b-bbfd-0f710967559f":{"type":"sub_total","disabled":true,"settings":{}},"68863399-17f6-4e5b-8b56-6ef125ef3168":{"type":"Html_c","settings":{"html":"<p class=\"delivery\"><svg xmlns=\"http:\/\/www.w3.org\/2000\/svg\" width=\"38.197\" height=\"21.5\" viewbox=\"0 0 38.197 21.5\">\n  <g id=\"Group_25127\" data-name=\"Group 25127\" transform=\"translate(-1083.836 -1161.835)\">\n    <path id=\"Path_54444\" data-name=\"Path 54444\" d=\"M76.155,6.988H95.1a.132.132,0,0,1,.132.132V23.868\" transform=\"translate(1014.583 1155.597)\" fill=\"none\" stroke=\"currentColor\" stroke-linecap=\"round\" stroke-width=\"1.5\"><\/path>\n    <line id=\"Line_317\" data-name=\"Line 317\" x1=\"4.357\" transform=\"translate(1090.739 1179.465)\" fill=\"none\" stroke=\"currentColor\" stroke-linecap=\"round\" stroke-width=\"1.5\"><\/line>\n    <line id=\"Line_318\" data-name=\"Line 318\" x1=\"11.098\" transform=\"translate(1101.294 1179.465)\" fill=\"none\" stroke=\"currentColor\" stroke-linecap=\"round\" stroke-width=\"1.5\"><\/line>\n    <path id=\"Path_54445\" data-name=\"Path 54445\" d=\"M291.733,32.235h6.362a.4.4,0,0,1,.338.188l4.479,7.216a1.261,1.261,0,0,1,.19.665v5.1a1.46,1.46,0,0,1-1.46,1.46h-1.3\" transform=\"translate(818.182 1132.596)\" fill=\"none\" stroke=\"currentColor\" stroke-linecap=\"round\" stroke-width=\"1.5\"><\/path>\n    <circle id=\"Ellipse_200\" data-name=\"Ellipse 200\" cx=\"3.068\" cy=\"3.068\" r=\"3.068\" transform=\"translate(1112.393 1176.449)\" fill=\"none\" stroke=\"currentColor\" stroke-linecap=\"round\" stroke-width=\"1.5\"><\/circle>\n    <path id=\"Path_54446\" data-name=\"Path 54446\" d=\"M131.987,165.909a3.068,3.068,0,1,1-3.068-3.068A3.068,3.068,0,0,1,131.987,165.909Z\" transform=\"translate(969.308 1013.608)\" fill=\"none\" stroke=\"currentColor\" stroke-linecap=\"round\" stroke-width=\"1.5\"><\/path>\n    <path id=\"Path_54447\" data-name=\"Path 54447\" d=\"M340,62.32h-3.635a.293.293,0,0,0-.289.346l.765,4.31a.415.415,0,0,0,.408.341h6.064\" transform=\"translate(777.784 1105.187)\" fill=\"none\" stroke=\"currentColor\" stroke-linecap=\"round\" stroke-width=\"1.5\"><\/path>\n    <line id=\"Line_319\" data-name=\"Line 319\" x2=\"4.116\" transform=\"translate(1086.602 1165.636)\" fill=\"none\" stroke=\"currentColor\" stroke-linecap=\"round\" stroke-width=\"1.5\"><\/line>\n    <line id=\"Line_320\" data-name=\"Line 320\" x2=\"4.389\" transform=\"translate(1088.04 1169.229)\" fill=\"none\" stroke=\"currentColor\" stroke-linecap=\"round\" stroke-width=\"1.5\"><\/line>\n    <line id=\"Line_321\" data-name=\"Line 321\" x2=\"5.754\" transform=\"translate(1086.714 1176.415)\" fill=\"none\" stroke=\"currentColor\" stroke-linecap=\"round\" stroke-width=\"1.5\"><\/line>\n    <line id=\"Line_322\" data-name=\"Line 322\" x2=\"5.88\" transform=\"translate(1084.586 1172.822)\" fill=\"none\" stroke=\"currentColor\" stroke-linecap=\"round\" stroke-width=\"1.5\"><\/line>\n  <\/g>\n<\/svg><span>Estimated delivery:<\/span> <span class=\"delivery-desc\"><strong>12-26 days <\/strong>(International), <strong>3-6 days <\/strong>(United States).<\/span><\/p>"}},"23fc8ca2-22ab-4803-9f12-37a2242738b7":{"type":"Html_c","settings":{"html":"<p class=\"shipping\"><svg xmlns=\"http:\/\/www.w3.org\/2000\/svg\" width=\"27.969\" height=\"21.5\" viewbox=\"0 0 27.969 21.5\">\n  <g id=\"Group_25129\" data-name=\"Group 25129\" transform=\"translate(-1025.238 -1129.238)\">\n    <rect id=\"Rectangle_8802\" data-name=\"Rectangle 8802\" width=\"26.469\" height=\"20\" rx=\"3\" transform=\"translate(1025.988 1129.988)\" fill=\"none\" stroke=\"currentcolor\" stroke-linecap=\"round\" stroke-width=\"1.5\"><\/rect>\n    <line id=\"Line_323\" data-name=\"Line 323\" x2=\"26.469\" transform=\"translate(1025.988 1134.55)\" fill=\"none\" stroke=\"currentcolor\" stroke-linecap=\"round\" stroke-width=\"1.5\"><\/line>\n    <line id=\"Line_324\" data-name=\"Line 324\" x2=\"12.4\" transform=\"translate(1031.041 1138.374)\" fill=\"none\" stroke=\"currentcolor\" stroke-linecap=\"round\" stroke-width=\"1.5\"><\/line>\n    <line id=\"Line_325\" data-name=\"Line 325\" x2=\"16.364\" transform=\"translate(1031.041 1142.115)\" fill=\"none\" stroke=\"currentcolor\" stroke-linecap=\"round\" stroke-width=\"1.5\"><\/line>\n    <line id=\"Line_326\" data-name=\"Line 326\" x2=\"13.721\" transform=\"translate(1031.041 1145.855)\" fill=\"none\" stroke=\"currentcolor\" stroke-linecap=\"round\" stroke-width=\"1.5\"><\/line>\n  <\/g>\n<\/svg><span class=\"delivery-desc\">Return within <strong>45 days <\/strong>of purchase. Duties &amp; taxes are non-refundable.<\/span><\/p>"}},"97cd7923-6244-47f8-9e3e-fff6bc433af4":{"type":"badge","disabled":true,"settings":{"badge_label":"100% Secured Payment"}},"description":{"type":"description","settings":{}},"060fd518-7dbd-4525-b0d0-d31914e75154":{"type":"collapsible_tab","settings":{"heading":"Why Choose Us","icon":"check_mark","content":"","page":"why-us"}},"collapsible-row-1":{"type":"collapsible_tab","settings":{"heading":"Free shipping & Returns","icon":"truck","content":"","page":"shippping-information"}},"fba18659-f515-470a-ad98-83721b6d8b37":{"type":"buy_buttons","settings":{"show_dynamic_checkout":true,"show_gift_card_recipient":true}},"006ee37f-0339-457e-9213-3cb0370a9dbd":{"type":"product","disabled":true,"settings":{"product":"g1"}},"5937dc9c-2e5b-44fc-9ff5-65c78e99c637":{"type":"product","disabled":true,"settings":{"product":"g2"}},"d2a11c76-c4dc-4761-829b-b40ee5dca77a":{"type":"product","disabled":true,"settings":{"product":"g3"}},"02ccba60-056d-4879-a2b1-5edb74b3e7c6":{"type":"fbt","disabled":true,"settings":{}},"3f7d416a-1acc-4807-845a-a90b79a879f9":{"type":"complementary","disabled":true,"settings":{"block_heading":"Complementary products","make_collapsible_row":true,"icon":"price_tag","product_list_limit":10,"products_per_page":4}}},"block_order":["5bd39864-5b2d-4ea2-8f73-5f50abdc2a17","title","caption","52794bcc-295b-4f22-af16-704f37c9ded7","price","ff6ad440-5f23-4eda-b2dc-a0b3e665311b","ac8dc943-c308-423f-90c3-adea0b3a487e","7fc556c7-f815-4fd8-b219-f78a53af198f","4c6c3629-d7b7-42eb-bd05-e2189e5f2c29","variant_picker","381e9805-2b9d-4e45-99ce-2a5f748ed6af","f2453734-fb3d-479b-bbfd-0f710967559f","68863399-17f6-4e5b-8b56-6ef125ef3168","23fc8ca2-22ab-4803-9f12-37a2242738b7","97cd7923-6244-47f8-9e3e-fff6bc433af4","description","060fd518-7dbd-4525-b0d0-d31914e75154","collapsible-row-1","fba18659-f515-470a-ad98-83721b6d8b37","006ee37f-0339-457e-9213-3cb0370a9dbd","5937dc9c-2e5b-44fc-9ff5-65c78e99c637","d2a11c76-c4dc-4761-829b-b40ee5dca77a","02ccba60-056d-4879-a2b1-5edb74b3e7c6","3f7d416a-1acc-4807-845a-a90b79a879f9"],"settings":{"page_full_width":true,"page_full_width_spacing":true,"enable_sticky_info":true,"enable_product_zoom":"zoom","gallery_layout":"thumbnail_slider","stacked_column_alignment":"two","thumb_carousel_layout":"thumbnail_slider_left","media_size":"small","meta_style":"full-width","hide_variants":false,"enable_video_looping":false,"tab_position":"right","tab_style":"toggle","show_wishlist":true,"show_comapre":true,"show_review_tab":true,"rating_script":"<div style='clear:both'><\/div>\n  <div id='judgeme_product_reviews' class='jdgm-widget jdgm-review-widget' data-id='{{ product.id }}'>\n<\/div>","enable_sticky_bar":true,"sidebar_settings":"no-sidebar","show_menu":true,"menu_title":"Category","linklist":"","show_image":true,"sidebar_title":"shopping","sidebar_button":"Shop Now","sidebar_link":"\/","show_collection":true,"collection_title":"Featured products","collection":"shop-list-view","collection_limit":5,"show_carousel":true,"carousel_title":"Featured items","iconwithtext":"Further info","heading_1":"Free Shipping","heading_1_text":"Free Shipping World wide","heading_2":"Free Shipping","heading_2_text":"Free Shipping World wide","heading_3":"Free Shipping","heading_3_text":"Free Shipping World wide","html":"<h5 class=\"sidebar_title\" data-live-text-setting=\"section.template--18572288393514__main.iconwithtext\">Instagram<\/h5>\n<div id=\"insta-feed\"><\/div>","enable_enquiry":false,"padding_top":35,"padding_bottom":20,"display_back_in_stock":false,"notify_text":"","notify_error":"","show_adv_product":true,"choose_label":"Related Accessories","prev_next_products":true,"show_share":true,"share_label":"Share","show_quantity_selector":true}},"product-recommendations":{"type":"product-recommendations","settings":{"page_full_width":true,"page_full_width_spacing":true,"heading":"Recommended Products","heading_size":"h1","products_to_show":5,"desktop_column":5,"laptop_column":3,"tablet_column":2,"mobile_column":2,"centered_slide":false,"swiper_pagination":false,"swiper_navigation":false,"auto_play":2,"swipe_on_mobile":false,"arrow_on_mobile":false,"color_scheme":"background-1","show_secondary_image":true,"show_vendor":true,"show_rating":false,"padding_top":100,"padding_bottom":60}},"17020287727aeccc76":{"type":"apps","settings":{"include_margins":true}}},"order":["2246be81-f016-4af3-a46e-0b3d46f7e978","main","product-recommendations","17020287727aeccc76"]}