{"current":{"colors_solid_button_labels":"#18bbe7","gradient_button_1":"","gradient_button_hover":"","colors_accent_1":"#000000","gradient_accent_1":"","colors_accent_2":"#18bbe7","gradient_accent_2":"","colors_accent_3":"#0d0d0d","gradient_accent_3":"","colors_text":"#000000","colors_border":"#171717","colors_outline_button_labels":"#91c54d","colors_background_1":"#d8d8d8","gradient_background_1":"","colors_background_2":"#ffffff","gradient_background_2":"","colors_background_3":"#91c54d","gradient_background_3":"linear-gradient(89deg, rgba(145, 197, 77, 1) 7%, rgba(24, 187, 231, 1) 93%)","overlay_color":"#000000","preloader_enable":true,"preloader":"shopify:\/\/shop_images\/Preloader.gif","type_header_font":"montserrat_n6","heading_scale":100,"custom_font_script_1":"","custom_font_family_1":"","type_body_font":"montserrat_n4","body_scale":100,"custom_font_script_2":"","custom_font_family_2":"","type_additional_font":"pacifico_n4","custom_font_script_3":"","custom_font_family_3":"","display_color_variant":true,"variant_image":false,"display_item_size":false,"enable_timer":true,"enable_wishlist":true,"enable_compare":true,"enable_quickview":true,"enable_quickadd":true,"enable_scroll_to_top":true,"offer_price_enable":true,"page_width":1600,"page_width_laptop":1200,"page_width_tab":960,"page_full_width_spacing":2,"spacing_sections":0,"spacing_grid_horizontal":20,"spacing_grid_vertical":20,"sidebar_width":400,"buttons_border_thickness":1,"buttons_border_opacity":100,"buttons_radius":30,"buttons_shadow_opacity":0,"buttons_shadow_horizontal_offset":0,"buttons_shadow_vertical_offset":0,"buttons_shadow_blur":0,"variant_pills_border_thickness":0,"variant_pills_border_opacity":55,"variant_pills_radius":0,"variant_pills_shadow_opacity":0,"variant_pills_shadow_horizontal_offset":0,"variant_pills_shadow_vertical_offset":4,"variant_pills_shadow_blur":5,"inputs_border_thickness":1,"inputs_border_opacity":100,"inputs_radius":40,"inputs_shadow_opacity":0,"inputs_shadow_horizontal_offset":0,"inputs_shadow_vertical_offset":0,"inputs_shadow_blur":0,"card_style":"card_with_icons","enable_overlay_content":false,"card_image_padding":0,"card_text_alignment":"center","card_color_scheme":"background-2","card_border_thickness":0,"card_border_opacity":0,"card_corner_radius":22,"card_shadow_opacity":0,"card_shadow_horizontal_offset":0,"card_shadow_vertical_offset":0,"card_shadow_blur":30,"text_boxes_border_thickness":0,"text_boxes_border_opacity":10,"text_boxes_radius":0,"text_boxes_shadow_opacity":0,"text_boxes_shadow_horizontal_offset":0,"text_boxes_shadow_vertical_offset":4,"text_boxes_shadow_blur":5,"media_border_thickness":0,"media_border_opacity":0,"media_radius":22,"media_shadow_opacity":0,"media_shadow_horizontal_offset":0,"media_shadow_vertical_offset":4,"media_shadow_blur":5,"popup_border_thickness":0,"popup_border_opacity":0,"popup_corner_radius":10,"popup_shadow_opacity":20,"popup_shadow_horizontal_offset":0,"popup_shadow_vertical_offset":6,"popup_shadow_blur":10,"drawer_border_thickness":0,"drawer_border_opacity":45,"drawer_shadow_opacity":0,"drawer_shadow_horizontal_offset":0,"drawer_shadow_vertical_offset":4,"drawer_shadow_blur":0,"badge_position":"top-left","badge_corner_radius":40,"sale_badge_color_scheme":"background-2","sold_out_badge_color_scheme":"inverse","accent_icons":"accent-1","use_breadcrumb_title":true,"breadcrumb_image":"shopify:\/\/shop_images\/Mask_group_28.png","breadcrumb_style":"center","image_overlay_opacity":0,"breadcrumb_padding_top":120,"breadcrumb_padding_bottom":120,"breadcrumb_margin_bottom":100,"social_twitter_link":"https:\/\/twitter.com\/","social_facebook_link":"https:\/\/www.facebook.com\/","social_pinterest_link":"https:\/\/www.pinterest.com\/","social_instagram_link":"https:\/\/www.instagram.com\/","social_tiktok_link":"","social_tumblr_link":"","social_snapchat_link":"","social_youtube_link":"https:\/\/www.youtube.com\/","social_vimeo_link":"","predictive_search_enabled":true,"predictive_search_show_vendor":false,"predictive_search_show_price":true,"search_tags":"featured, trendy, sale, new","search_collection":"analog-watches","products_to_show":6,"columns_desktop":4,"swiper_enable":true,"desktop_column":5,"laptop_column":4,"tablet_column":3,"mobile_column":2,"centered_slide":false,"swiper_pagination":false,"swiper_navigation":false,"auto_play":2,"show_secondary_image":true,"show_new_tag":true,"show_rating":false,"favicon":"shopify:\/\/shop_images\/Favicon.svg","flash-text1":"🔥 Welcome to Framework","flash-text2":"Come back! 🔥","currency_code_enabled":false,"cart_type":"drawer","show_vendor":true,"show_cart_note":true,"show_gift_wrap":true,"show_shipping_info":true,"show_discount_option":true,"goal":900,"cart_drawer_collection":"","checkout_header_image":"shopify:\/\/shop_images\/Password_Image.jpg","checkout_logo_image":"shopify:\/\/shop_images\/Logo_ee9d70cd-edf1-43c4-bbb5-0a18ed2f96db.svg","checkout_logo_position":"left","checkout_logo_size":"small","checkout_accent_color":"#000000","checkout_button_color":"#b299d2","body_spacing":2,"footer_type":"style1","button_style":"button","enable_cart_icon":false,"enable_search":false,"enable_stock_status_bar":false,"sections":{"announcement-bar":{"type":"announcement-bar","disabled":true,"settings":{"color_scheme":"background-1","disable_announcement_bar":true,"disable_announcement_bar_mobile":true}},"header":{"type":"header","settings":{"page_full_width":true,"page_full_width_spacing":true,"color_scheme":"accent-2","logo":"shopify:\/\/shop_images\/Asset_4.svg","logo_width":150,"logo_position":"middle","menu_alignment":"left","menu":"main-menu","show_secondary_menu":false,"secondary_menu":"","mobile_screen_width":"1200","show_line_separator":false,"enable_sticky_header":false,"enable_transparent_header":false,"enable_country_selector":false,"enable_language_selector":false,"search_style":"search_icon","show_header_wishlist":false,"show_header_compare":false,"show_account":true,"show_header_cart":true,"header_icon_type":"icon","show_category_menu":false,"category_heading":"All categories","category_menu":"","margin_bottom":24,"enable_sale":true,"sale_txt":"Sale","sale_tags":"","enable_new":true,"new_txt":"New","new_tags":"pagination progress,container width,","enable_hot":true,"hot_txt":"Hot","hot_tags":"Add to cart button,collection banner","dropdown_style":"custom_width_dropdown"}},"footer":{"type":"footer","blocks":{"dc1fe050-cc87-40ca-bc4e-bdb5ee8f4ab7":{"type":"address","settings":{"address_heading":"","footer_address":"No: 58 A, East Madison Street, Baltimore, MD, USA 4508","footer_contact_no":"+000 123 456789","footer_contact_id":"info@example.com","office_hours":"","alignment":"left","column_width":25}},"f473f3e5-db47-4f35-94c7-3bfd0b797fb1":{"type":"link_list","settings":{"heading":"Find a Store","menu":"","alignment":"left","list_style":"vertical","column_width":15}},"3408e200-d33a-433c-bdd0-1d9c73fff07e":{"type":"link_list","settings":{"heading":"Useful links","menu":"","alignment":"left","list_style":"vertical","column_width":15}},"8c88a831-9d3f-4039-9e74-6f7b20caa8ff":{"type":"link_list","settings":{"heading":"About Timevo","menu":"","alignment":"left","list_style":"vertical","column_width":15}},"ce4a7242-75b5-4ebf-b087-e233af2ae6b6":{"type":"link_list","settings":{"heading":"Quick links","menu":"","alignment":"left","list_style":"vertical","column_width":15}}},"block_order":["dc1fe050-cc87-40ca-bc4e-bdb5ee8f4ab7","f473f3e5-db47-4f35-94c7-3bfd0b797fb1","3408e200-d33a-433c-bdd0-1d9c73fff07e","8c88a831-9d3f-4039-9e74-6f7b20caa8ff","ce4a7242-75b5-4ebf-b087-e233af2ae6b6"],"settings":{"page_full_width":true,"page_full_width_spacing":true,"color_scheme":"accent-2","show_social":false,"copyright_content":"<p>All Right Reserved © 2024 <a href=\"\/\" title=\"\/\">Designthemes<\/a><\/p>","payment_enable":true,"footer_default":false,"enable_follow_on_shop":true,"margin_top":60,"padding_top":92,"padding_bottom":64}},"main-password-header":{"type":"main-password-header","settings":{"logo":"shopify:\/\/shop_images\/Logo_ee9d70cd-edf1-43c4-bbb5-0a18ed2f96db.svg","logo_max_width":120,"color_scheme":"accent-1"}},"main-password-footer":{"type":"main-password-footer","settings":{"color_scheme":"background-1"}},"suggested-products":{"type":"suggested-products","blocks":{"a4ab6c6f-a1de-4166-8ecc-4cb9642b61db":{"type":"image","settings":{"product":"bluetooth-calling-watc","from":"","time":"9 Minutes ago","verified":true,"verified_text":"Verified"}},"1af91c39-c0a1-43f1-bec9-efb91982e75e":{"type":"image","settings":{"product":"bluetooth-calling-watc","from":"","time":"49 Minutes ago","verified":true,"verified_text":"Verified"}}},"block_order":["a4ab6c6f-a1de-4166-8ecc-4cb9642b61db","1af91c39-c0a1-43f1-bec9-efb91982e75e"],"settings":{"display_recent_purchase":false,"placement":"left","text":"Someone purchased"}},"cookie-banner":{"type":"cookie-banner","settings":{"show_gdpr":false,"style":"bottom","color_scheme":"background-2","title":"We care about your privacy","text":"This website uses cookie to ensure you to get the best experience on our website.","accept":"Cookie policy","decline":"Allow cookies","button_padding":"14px 33px 14px 33px"}},"newsletter-modal":{"type":"newsletter-modal","blocks":{"ad2319a5-3b0a-4abe-8f83-a627ca9b3c2c":{"type":"heading","settings":{"heading":"Stay Ahead with Our Style Predictions"}},"03297923-22c8-4e4e-bcf4-b26fb6693c69":{"type":"paragraph","settings":{"paragraph":"<p>Quisque nec nisi ut velit bibendum interdum non in nulla.<\/p>"}},"8b169acd-6538-4ffb-8180-993928abf105":{"type":"email_form","settings":{}}},"block_order":["ad2319a5-3b0a-4abe-8f83-a627ca9b3c2c","03297923-22c8-4e4e-bcf4-b26fb6693c69","8b169acd-6538-4ffb-8180-993928abf105"],"settings":{"color_scheme":"background-2","modal_bg_opacity":"0.6","enable_newsletter_modal":false,"cookie_expires":1,"cookie_modal_delay":"5000","block_text_align":"text-start","enable_social_icon":false}},"top-bar":{"type":"top-bar","disabled":true,"settings":{"disable_announcement_bar":true,"disable_announcement_bar_mobile":true,"announcement_color_scheme":"inverse","page_full_width":false,"page_full_width_spacing":true,"top_bar_color_scheme":"background-1","disable_topbar":true,"disable_topbar_mobile":true,"top_bar_alignment":"left","header_mail":"mail@somedomain.com","header_phone":"+91 987654321","text":"Free Shipping on Orders over $140","enable_text_icon":true,"link_text":"","link":"","show_social":true,"enable_country_selector":false,"enable_language_selector":false}},"footer_style1":{"type":"footer_style1","blocks":{"de6bbb78-9eca-404b-82c5-fa2fc0c63f90":{"type":"newsletter","settings":{"heading":"Sign up for Newsletter","newsletter_subtext":"<p>Nulla tincidunt risam convallis itunu vatna bibendum. Sed estas, massa<\/p>","alignment":"left","enable_socialicon":true,"column_width":46}},"footer_style1-0":{"type":"link_list","settings":{"heading":"Information","menu":"footer","alignment":"","list_style":"vertical","column_width":22}},"23ddf3e1-de11-4185-a308-e181892b515c":{"type":"link_list","settings":{"heading":"About","menu":"footer","alignment":"","list_style":"vertical","column_width":22}},"c85fe6a2-26c2-4d9b-9bda-2ec4fcfdee0a":{"type":"link_list","settings":{"heading":"Shop by","menu":"footer","alignment":"left","list_style":"vertical","column_width":10}}},"block_order":["de6bbb78-9eca-404b-82c5-fa2fc0c63f90","footer_style1-0","23ddf3e1-de11-4185-a308-e181892b515c","c85fe6a2-26c2-4d9b-9bda-2ec4fcfdee0a"],"settings":{"page_full_width":false,"page_full_width_spacing":false,"color_scheme":"inverse","show_social":true,"show_usd":false,"copyright_content":"<p>All Right Reserved © 2023 Designthemes<\/p>","payment_enable":true,"footer_default":false,"border_right":false,"margin_top":0,"padding_top":60,"padding_bottom":60}},"footer_style2":{"type":"footer_style2","blocks":{"d85fbe91-23cd-45c0-9022-7e5745232243":{"type":"newsletter","settings":{"sub_heading":"Newsletter","heading":"Join Our Community And Get 20% Off On Your First Order","newsletter_subtext":"","alignment":"center","enable_socialicon":true}}},"block_order":["d85fbe91-23cd-45c0-9022-7e5745232243"],"settings":{"page_full_width":false,"page_full_width_spacing":false,"color_scheme":"background-2","image":"shopify:\/\/shop_images\/bg-footer_1.jpg","show_social":true,"show_usd":false,"show_footer_bottom":false,"copyright_content":"<p>All Right Reserved © 2023 Designthemes<\/p>","payment_enable":true,"footer_default":true,"border_right":false,"margin_top":0,"padding_top":80,"padding_bottom":80}},"footer_style3":{"type":"footer_style3","blocks":{"b253cadd-e46c-4b5c-b5f7-7eb84a92988a":{"type":"address","settings":{"address_heading":"Our Social Circle","footer_address":"Nulla tincidunt convallis bibendum. Sed estas, massa a molestie fac ilisis nisi purus vestibulum","footer_contact_no":"","footer_contact_id":"","office_hours":"","enable_socialicon":true,"alignment":"left"}},"a7817e3b-b4ba-4fb9-9181-073b8dc38c6e":{"type":"link_list","settings":{"heading":"Know Us","menu":"footer","alignment":"left","list_style":"vertical"}},"3d388e38-c98c-4234-89f3-84dfe340d3f7":{"type":"link_list","settings":{"heading":"Useful Links","menu":"categoires","alignment":"left","list_style":"vertical"}},"bd11441b-83e5-4381-bcc2-4a9431cfe4d7":{"type":"link_list","settings":{"heading":"Information","menu":"information","alignment":"left","list_style":"vertical"}}},"block_order":["b253cadd-e46c-4b5c-b5f7-7eb84a92988a","a7817e3b-b4ba-4fb9-9181-073b8dc38c6e","3d388e38-c98c-4234-89f3-84dfe340d3f7","bd11441b-83e5-4381-bcc2-4a9431cfe4d7"],"settings":{"page_full_width":false,"page_full_width_spacing":false,"color_scheme":"background-2","show_social":true,"show_usd":true,"show_footer_bottom":true,"copyright_content":"<p><strong>©<\/strong> 2023 <a href=\"https:\/\/wedesignthemes.com\/\" target=\"_blank\" title=\"https:\/\/wedesignthemes.com\/\">WeDesignTech<\/a>. All Rights Reserved.<\/p>","payment_enable":true,"footer_default":false,"border_right":false,"show_bottom-icon":false,"margin_top":0,"padding_top":48,"padding_bottom":48}},"footer_style4":{"type":"footer_style4","blocks":{"de2c6d24-4ecb-4c3b-84cf-0891e5eb26a8":{"type":"newsletter","settings":{"sub_heading":"","heading":"SIGN UP TO NEWSLETTER","newsletter_subtext":"<p>Share contact information, store details, and brand content with your customers.<\/p>","alignment":"left","enable_socialicon":false}},"f208ac9e-4181-41d5-bef4-6ad75b852d6a":{"type":"link_list","settings":{"heading":"CONTACT","menu":"footer","alignment":"left","list_style":"vertical"}},"4bd12437-1dd9-4ea8-8e13-58a67b4d67c4":{"type":"link_list","settings":{"heading":"Quick links","menu":"footer","alignment":"left","list_style":"vertical"}},"fef11a17-7306-4df0-9fa8-e4fb343e5ae6":{"type":"link_list","settings":{"heading":"Quick links","menu":"footer","alignment":"left","list_style":"vertical"}}},"block_order":["de2c6d24-4ecb-4c3b-84cf-0891e5eb26a8","f208ac9e-4181-41d5-bef4-6ad75b852d6a","4bd12437-1dd9-4ea8-8e13-58a67b4d67c4","fef11a17-7306-4df0-9fa8-e4fb343e5ae6"],"settings":{"page_full_width":false,"page_full_width_spacing":false,"color_scheme":"background-1","show_social":false,"show_usd":false,"show_footer_bottom":false,"payment_enable":true,"footer_default":false,"border_right":true,"margin_top":0,"padding_top":36,"padding_bottom":36}},"breadcrumb":{"type":"breadcrumb","settings":{"page_full_width":true,"page_full_width_spacing":true,"use_breadcrumb_title":true,"breadcrumb_style":"center","image_overlay_opacity":0,"color_scheme":"background-1","padding_top":44,"padding_bottom":32}}},"content_for_index":[],"blocks":{"10746902591489815047":{"type":"shopify:\/\/apps\/rt-google-fonts-custom-fonts\/blocks\/app-embed\/2caf2c68-0038-455e-b0b9-066a7c2ad923","disabled":false,"settings":{}},"7397712880091056704":{"type":"shopify:\/\/apps\/tapita-theme-sections\/blocks\/app-embed\/41bcf4f8-7f08-4608-9fa1-10d4516bdebf","disabled":true,"settings":{}},"8856629154746250496":{"type":"shopify:\/\/apps\/foxify-page-builder\/blocks\/app-embed\/4e19e422-f550-4994-9ea0-84f23728223d","disabled":true,"settings":{}},"10436698916776057164":{"type":"shopify:\/\/apps\/appstle-subscription\/blocks\/appstle-subscription-helper\/fe257d39-6f88-4f35-ab08-bd437e3aa94e","disabled":false,"settings":{}},"2680175748099902610":{"type":"shopify:\/\/apps\/amazon-reviews\/blocks\/product-rating-snippet-embed\/88ab28f3-a438-4eb3-a83e-f1a9c62c5069","disabled":false,"settings":{}}}},"presets":{"Default":{"colors_solid_button_labels":"#ffffff","colors_accent_1":"#121212","gradient_accent_1":"","colors_accent_2":"#334fb4","gradient_accent_2":"","colors_text":"#121212","colors_outline_button_labels":"#121212","colors_background_1":"#ffffff","gradient_background_1":"","colors_background_2":"#f3f3f3","gradient_background_2":"","type_header_font":"assistant_n4","heading_scale":100,"type_body_font":"assistant_n4","body_scale":100,"page_width":1200,"spacing_sections":0,"spacing_grid_horizontal":8,"spacing_grid_vertical":8,"buttons_border_thickness":1,"buttons_border_opacity":100,"buttons_radius":0,"buttons_shadow_opacity":0,"buttons_shadow_horizontal_offset":0,"buttons_shadow_vertical_offset":4,"buttons_shadow_blur":5,"variant_pills_border_thickness":1,"variant_pills_border_opacity":55,"variant_pills_radius":40,"variant_pills_shadow_opacity":0,"variant_pills_shadow_horizontal_offset":0,"variant_pills_shadow_vertical_offset":4,"variant_pills_shadow_blur":5,"inputs_border_thickness":1,"inputs_border_opacity":55,"inputs_radius":0,"inputs_shadow_opacity":0,"inputs_shadow_horizontal_offset":0,"inputs_shadow_vertical_offset":4,"inputs_shadow_blur":5,"card_style":"standard","card_image_padding":0,"card_text_alignment":"left","card_color_scheme":"background-2","card_border_thickness":0,"card_border_opacity":10,"card_corner_radius":0,"card_shadow_opacity":0,"card_shadow_horizontal_offset":0,"card_shadow_vertical_offset":4,"card_shadow_blur":5,"text_boxes_border_thickness":0,"text_boxes_border_opacity":10,"text_boxes_radius":0,"text_boxes_shadow_opacity":0,"text_boxes_shadow_horizontal_offset":0,"text_boxes_shadow_vertical_offset":4,"text_boxes_shadow_blur":5,"media_border_thickness":1,"media_border_opacity":5,"media_radius":0,"media_shadow_opacity":0,"media_shadow_horizontal_offset":0,"media_shadow_vertical_offset":4,"media_shadow_blur":5,"popup_border_thickness":1,"popup_border_opacity":10,"popup_corner_radius":0,"popup_shadow_opacity":0,"popup_shadow_horizontal_offset":0,"popup_shadow_vertical_offset":4,"popup_shadow_blur":5,"drawer_border_thickness":1,"drawer_border_opacity":10,"drawer_shadow_opacity":0,"drawer_shadow_horizontal_offset":0,"drawer_shadow_vertical_offset":4,"drawer_shadow_blur":5,"badge_position":"bottom left","badge_corner_radius":40,"sale_badge_color_scheme":"accent-2","sold_out_badge_color_scheme":"inverse","accent_icons":"text","social_twitter_link":"","social_facebook_link":"","social_pinterest_link":"","social_instagram_link":"","social_tiktok_link":"","social_tumblr_link":"","social_snapchat_link":"","social_youtube_link":"","social_vimeo_link":"","predictive_search_enabled":true,"predictive_search_show_vendor":false,"predictive_search_show_price":false,"currency_code_enabled":true,"sections":{"announcement-bar":{"type":"announcement-bar","blocks":{"announcement-bar-0":{"type":"announcement","settings":{"text":"Welcome to our store","link":""}}},"block_order":["announcement-bar-0"],"settings":{}},"header":{"type":"header","settings":{"color_scheme":"background-1","logo_width":90,"logo_position":"middle-left","menu":"main-menu","show_line_separator":true,"enable_sticky_header":true,"margin_bottom":0}},"footer":{"type":"footer","blocks":{"footer-0":{"type":"link_list","settings":{"heading":"Quick links","menu":"footer"}},"footer-1":{"type":"link_list","settings":{"heading":"Info","menu":"footer"}},"footer-2":{"type":"text","settings":{"heading":"Our mission","subtext":"<p>Share contact information, store details, and brand content with your customers.<\/p>"}}},"block_order":["footer-0","footer-1","footer-2"],"settings":{"color_scheme":"background-1","show_social":true,"payment_enable":true,"margin_top":48,"padding_top":36,"padding_bottom":36}},"main-password-header":{"type":"main-password-header","settings":{"logo_max_width":100,"color_scheme":"background-1"}},"main-password-footer":{"type":"main-password-footer","settings":{"color_scheme":"background-1"}}}}},"platform_customizations":{"custom_css":[".bg-color-coal-black {background-color: #36454f;}",".satisfy-regular {font-family: \"Satisfy\", serif; font-weight: 400; font-style: normal;}"]}}